medicine	-0.29
cultural	-0.095
spirit	0.13
prized	0.16
competitive	0.2
letting	-0.18
cosmetic	-0.76
shiny	0.675
fancy	0.44000000000000006
paused	-0.01
picturesque	0.62
baghdad	-0.67
humble	0.22
rapid	-0.44999999999999996
monitor	-0.17
mixture	0.77
forward	0.22
bottle	-0.71
clearer	0.14
condition	-0.63
privileged	0.1
slender	1.72
graceful	1.99
remembered	0.08
stores	0.2
palace	0.36
institution	0.18
conversations	0.83
combat	-0.47
talks	0.18
sets	0.23
lisa	0.69
victorian	0.84
reached	0.11
emergency	-0.57
midnight	0.08
performing	0.4
attack	-1.44
unrelated	-1.7
annoyed	-1.07
shelf	-0.11
thriving	-0.37
aim	0.09
reads	0.14
circular	0.14
shouting	-0.79
whites	-0.93
intended	-0.09
importance	0.29
lady	2.24
light	-0.01
escape	-0.3
sunlight	0.29
liable	-0.4
vegetarian	1.01
frigid	0.31
fascinating	1.22
feeling	-1.31
cries	-0.51
affluent	-1.41
sinister	-1.79
tony	0.46
sharing	1.5
urge	0.13
diabetes	-0.75
personal	0.28500000000000003
nervous	-1.405
awesome	0.92
survived	-1.46
person	-0.14
dumb	-1.375
drastic	-1.1
material	0.64
washing	-0.56
wild	-0.47
michael	0.43
uncanny	-0.13
house	-0.03
layer	0.28
recording	0.65
system	-0.03
rainy	0.0
fees	0.2
certain	-0.28
darker	0.35
different	-0.8500000000000001
conversation	0.96
teams	0.36
eat	-0.52
press	0.11
lightweight	1.03
spoken	-0.25
canyon	0.27
air	-1.09
unique	0.555
convince	-0.7
delight	0.84
capitalist	-0.27
rural	-2.125
literature	0.24
embryonic	-0.09
plus	0.06
income	0.42
seems	-0.2
darkest	-0.38
gravity	-0.38
socialist	-0.18
renewable	0.34
advance	0.02
manned	-0.1
bake	0.39
economy	-0.29
tired	-2.21
signals	-0.03
development	-0.56
heather	0.43
acknowledged	-0.57
phony	-0.98
vulnerable	-0.99
lane	0.03
failure	-1.18
sounded	-1.01
happily	2.32
utter	-1.5
touching	0.76
humans	-1.42
nelson	-0.13
flies	-1.32
lesser	0.94
society	0.03
enormous	0.40499999999999997
beings	-2.29
current	-0.055
appearance	-0.09
assembly	0.27
fourteen	0.03
poverty	-2.89
center	0.05
received	0.2
patient	-0.41
reserve	0.02
uncommon	-1.16
rescue	-0.89
goods	0.21
eleven	0.03
benign	0.95
misty	0.51
wondered	-0.43
noble	0.67
collins	-0.22
ordinary	-0.595
vibrant	0.78
speaking	0.1
tight	0.66
systems	0.0
fresh	-0.14
hind	-0.11
levels	0.03
humane	0.56
order	-0.02
notice	-0.29
asking	0.22
implicit	-0.15
belt	0.33
identified	-0.31
pistol	-0.37
meal	0.24
course	0.35
section	-0.14
leans	0.06
secrets	0.2
ground	-0.0
connection	1.01
smartest	-0.08
marines	-0.33
list	0.33
transformed	-1.05
edgy	-1.07
ugly	-3.5
decorative	0.89
longer	-0.14
dental	-0.49
strong	1.73
fired	-0.68
flow	0.02
formidable	0.08
telescope	-0.04
stem	0.23
spite	-0.61
considering	-1.73
treatment	-0.48
throwing	0.23
elegant	2.38
parker	0.58
bible	-0.02
merely	-2.09
jealous	-1.59
insects	-1.44
passive	0.12
investigators	-0.38
rookie	0.12
infinite	-0.42
prep	0.07
existence	-0.82
always	0.46
gets	-0.22
lillian	-1.85
somber	0.08
dull	-0.475
affectionate	2.0
reagan	0.23
rooms	-0.47
laid	0.03
freezing	-0.03
overnight	0.03
repetitive	-0.73
cooperative	0.72
height	0.93
nations	0.25
karl	-0.4
abandoned	-0.09
described	-0.35
programs	-0.14
citizens	-0.54
imaginary	-0.08
steep	0.175
paid	0.25
markets	0.39
bands	1.08
madison	-0.22
boards	0.11
pat	0.16
become	-0.43
kumar	-0.11
think	0.36
outright	-0.98
previously	-0.17
del	0.58
corresponding	-0.31
western	-0.07
hunting	-0.78
harcourt	0.75
committed	-1.78
bone	-0.8
indicated	0.09
whose	0.69
hidden	0.31
phenomenal	0.34
scope	-0.13
restaurants	-0.09
matter	-0.22
actors	0.04
wagon	-0.04
watch	0.01
laugh	-0.77
crops	0.12
exciting	0.40499999999999997
fur	-0.73
defined	0.68
blessed	0.18
finding	0.42
rule	-0.13
unfortunately	1.15
estate	0.15
hot	-0.010000000000000009
volume	0.1
already	-0.32
colors	0.44
bitch	-1.21
wheels	-0.05
facilities	-0.71
trips	0.52
bite	-0.97
critical	0.395
glasses	-0.11
walker	0.35
use	0.1
theme	1.03
gifted	0.09
serene	2.81
produce	-0.01
thank	1.31
animals	-1.43
versatile	1.84
reflected	-0.01
triple	-0.61
timid	0.1
mind	-0.15
enthusiastic	1.26
los	0.38
kingdom	-0.21
red	0.625
attacked	-0.91
during	-0.59
salad	0.06
sources	-0.0
sensitive	0.46499999999999997
climbing	0.23
competent	0.77
tame	0.4
ray	0.02
flipped	-0.02
nodded	0.32
australian	1.47
diverse	-0.285
uh	0.75
consistent	0.74
hostile	-1.75
object	-0.13
birthday	2.36
vincent	0.21
mormon	0.6
market	0.36
rare	-0.12000000000000001
dual	-0.05
understood	-0.06
adults	0.08
assistant	0.58
association	-0.06
reality	-0.6
shallow	0.14
miniature	0.47
juice	-0.45
jobs	0.27
arthur	0.49
oversized	0.29
outermost	0.1
fuel	0.0
fourth	1.04
baking	0.37
firm	0.69
wo	0.06
chest	0.07
lively	2.25
quality	1.12
signs	-0.58
gather	0.76
deal	-1.03
immigration	-0.87
breathless	-0.23
mid	0.35
speech	0.31
troubling	-1.12
photographs	0.18
raising	0.22
facility	-0.15
cherry	0.57
imagination	0.41
runs	0.01
camp	0.3
brief	-0.22499999999999998
emotional	-0.275
gravitational	-0.24
mexican	-0.25
loose	0.355
pleasure	0.86
evolution	-0.61
ties	0.22
handful	-0.68
confused	-2.26
factors	-0.33
oriental	0.35
picture	0.39
gathering	0.61
heavy	0.51
honor	1.21
lean	1.44
types	-0.48
earned	0.05
pending	-0.33
sweater	0.53
loan	0.62
extended	0.8
subdued	1.75
polar	0.01
thoroughly	-0.49
area	-0.89
done	-0.0
background	-0.41
amy	0.87
relatives	0.4
absurd	-1.23
hire	-0.21
candy	0.54
salt	-0.06
causing	-1.69
organization	-0.07
although	-0.14
housing	-2.58
funds	1.1
convention	0.35
percentage	0.56
sticky	-0.53
included	-0.09
chocolate	0.65
practice	0.17
perpetual	-0.61
achieved	0.76
priest	0.42
stations	-0.01
airport	-0.19
suffered	-2.27
venture	0.56
layers	0.24
wary	-0.42
sample	0.21
outstretched	0.11
cream	0.8
rigorous	-0.89
ghostly	0.03
little	-0.36
myself	-0.01
description	0.46
credible	0.02
adams	0.35
expensive	-0.10500000000000001
barrel	-0.45
eventually	-0.1
crossed	0.19
sleeping	-0.61
reliable	1.17
reluctant	-0.41
evidence	-0.12
direction	0.1
enforcement	-0.25
blowing	-0.42
allied	-0.17
transparent	0.43
prepare	0.23
blast	-0.66
militant	-0.01
curtain	-0.02
around	0.7
protection	-0.1
sugar	0.38
unreasonable	-0.71
full	1.69
grave	0.19
identity	-0.5
que	0.78
changed	-1.26
roman	-0.015000000000000013
preoccupied	-0.82
charges	-1.06
paradise	0.49
joe	0.24
pale	0.905
ecological	-0.32
cliff	0.36
grandma	1.04
character	0.49
april	0.74
flipping	-0.21
crime	-1.89
louder	-0.41000000000000003
miracle	-0.06
waterproof	0.79
cautious	-0.11
privacy	0.36
emerge	-0.34
curriculum	0.2
feelings	-0.24
stir	0.19
lifelong	-0.22
satisfied	0.9199999999999999
hide	-0.44
rights	0.23
partisan	-0.32
hope	1.59
optical	0.26
lips	0.59
afford	-0.97
swimming	0.08
roots	0.25
source	-0.33
metallic	0.19
turned	0.06
depressing	-1.65
exit	0.04
manage	-0.15
popular	0.865
defensive	-0.23500000000000001
learning	0.24
luke	0.19
retrospective	-0.08
base	-0.09
skull	-0.1
sweat	-1.5
splendid	1.27
sporting	0.06
bear	-1.56
lands	-0.06
nicer	0.9
huh	0.85
founded	0.27
separate	-0.065
quarters	0.23
bullet	-0.61
eldest	0.32
via	0.1
bags	-0.17
saturated	0.37
shopping	0.26
hooked	0.15
rivers	-0.15
environmental	-0.13
glory	1.09
jacket	0.47
innocent	-1.94
union	0.26
possibilities	0.11
flawed	-1.56
deny	-0.23
french	0.435
colder	0.57
smug	-0.19
statistical	-0.23
striped	0.72
fought	-1.24
anymore	0.05
socks	0.13
ads	0.09
destroyed	-1.24
run	0.07
fort	-0.21
theatre	0.58
controlled	-0.28
rubbed	0.29
striking	1.52
inclined	0.3
divine	-0.97
returning	-0.11
affairs	-0.38
seats	0.91
activities	-0.53
slim	2.2199999999999998
these	-0.85
grief	-0.46
cousins	1.17
boat	0.08
specialized	0.03
quickly	-0.48
q	0.54
answers	0.0
operations	-0.17
sodium	0.01
wearing	0.64
bulky	0.65
unseen	-0.74
analytical	0.09
ideal	2.165
jones	0.48
tattered	-0.86
while	-0.21
bits	-0.07
richest	-0.02
grin	0.45
beloved	0.7150000000000001
cuban	-0.03
stone	0.2
frustrating	-1.46
wins	0.41
encouraging	0.65
sites	0.26
beneficial	0.36
box	-0.03
preserve	0.17
decline	-0.5
contemporary	0.62
next	0.17
experimental	-0.14
shadow	-0.49
adventure	1.13
salty	0.2
cities	-1.13
tap	0.49
roberts	0.45
springs	0.42
challenge	-1.05
garage	-0.19
fucking	-1.8199999999999998
rustic	1.03
fast	0.53
empty	0.135
constantly	-0.79
scant	0.0
settle	0.06
bodily	-0.33
nancy	0.59
maintain	0.46
liked	-1.25
folk	0.91
laughed	0.26
cheeks	0.52
award	0.81
urgent	-0.61
elevator	-0.22
marital	0.17
winds	-0.28
band	0.94
oil	-0.02
masculine	0.3
concern	-0.38
suspected	-1.26
party	1.52
traffic	-0.05
arrested	-1.53
driving	-0.17
roll	0.21
worked	-0.09
governmental	-0.3
ended	0.69
priceless	0.91
measured	0.24
relieved	-1.18
holiday	1.72
laughter	-0.58
council	0.04
smiled	0.35
stomach	-0.46
impending	-1.12
unmarried	0.16
imagine	-0.33
interested	-0.305
dancing	0.84
kicking	-0.43
recognition	0.16
plants	0.52
tape	0.3
block	0.06
asian	-0.06
founder	0.3
martin	0.38
editor	0.21
process	-0.07
alan	0.2
dining	0.18
atlantic	-0.33
hair	0.94
senator	0.23
sink	-0.57
comment	-0.55
tossed	0.07
trail	0.14
photo	0.3
michigan	-0.27
toughest	-0.2
psychological	-0.54
protein	0.05
watchful	-0.2
members	-0.12
menacing	-0.62
shooting	-0.53
hunter	-0.76
policy	-0.14
na	-0.24
graphic	-1.44
claim	-0.12
immediate	-0.77
drank	-1.36
allergic	-0.25
program	-0.04
discuss	0.04
shield	-0.52
leader	-0.5
tidy	0.68
design	0.8
mathematical	0.14
wrote	0.22
absence	-0.8
ease	0.13
spicy	0.89
rocks	0.07
military	-0.22
prefer	-0.34
defense	-0.04
daily	-0.15
tantalizing	-1.23
warmer	0.37
rolling	0.03
extremely	-0.64
error	-1.07
flower	2.16
fledgling	-0.16
curled	-0.1
placed	0.12
tanks	-0.3
include	-0.14
dusty	-0.6699999999999999
pot	0.05
renewed	0.3
annoying	-1.16
click	-0.32
quieter	0.29
sly	0.14
ap	0.09
gave	-0.16
seemingly	-1.11
billy	-0.11
compared	0.52
cunning	-1.29
envelope	0.18
pet	-1.33
factory	0.25
nasal	-1.23
reddish	1.14
unnoticed	-0.47
someone	-0.12
lutheran	0.61
eight	-0.01
host	0.24
purposes	-0.04
july	0.84
interpretive	-0.06
executive	0.28
happen	-0.06
sentence	-0.62
jesus	0.19
lake	0.02
somehow	-0.26
daunting	-0.16
bomb	-1.52
customers	0.18
risk	-0.71
weaker	-0.39
independence	0.67
document	0.15
thai	0.74
offensive	-0.37
dubious	-0.71
rising	-0.13
relatively	0.6
seem	-0.3
gas	-0.36
potentially	-0.99
wilderness	-0.05
twice	-0.03
refused	-0.32
leather	0.47
soul	0.91
allow	-0.02
accident	-3.03
stadium	0.28
numb	-1.09
everything	0.18
defeat	-0.79
cup	-0.02
imperial	-0.09
moist	0.78
saying	0.5
masked	-0.99
separated	0.73
designed	0.04
four	-0.08
behavior	0.16
solid	2.325
irrelevant	-1.32
storage	-0.1
amazed	0.21
putting	0.39
portrait	0.37
alongside	0.39
praise	-0.0
supply	-0.11
gene	-0.54
port	0.09
elsewhere	-0.37
patience	0.01
nod	1.14
oppressive	-0.84
die	-0.34
rubber	0.14
acting	-0.72
benefit	0.14
clubs	0.16
cole	-2.19
faithful	0.48
cross	0.15
shoulder	0.36
slow	0.77
half	0.1
grabbed	-0.02
occupational	-0.12
sox	-0.37
depending	-0.18
surviving	0.1
stony	-0.08
wish	0.01
age	0.86
comparison	0.43
confusion	-0.81
virtually	-0.01
broad	0.49
third	0.48
lee	0.42
weeks	0.21
combination	-1.04
foul	-2.84
operating	0.25
cash	0.57
offshore	-0.01
unless	-0.05
victor	-0.09
hundreds	-0.39
sitting	-0.01
startled	-1.62
thumb	0.37
supposed	0.645
drifted	-0.31
remove	0.36
families	-1.69
rotten	-1.78
fellow	-0.25499999999999995
hurt	-2.02
deals	-0.29
managed	-0.07
measure	0.37
biggest	0.11
attending	0.19
playful	1.42
artist	0.57
volcanic	-0.37
tank	-0.15
resistant	-0.83
totally	0.38
bill	0.21
along	0.11
instant	-0.09
physiological	-0.24
soldier	-0.42
annual	0.14
prices	0.32
terrorist	-1.4849999999999999
owned	0.28
reports	0.01
charming	2.53
pleasing	2.13
tray	-0.29
jefferson	-0.26
fluorescent	-0.12
repeated	0.11
study	0.04
entirely	0.26
sits	0.01
slick	0.35
colonial	0.28
fix	-0.15
expansive	0.59
affiliation	0.38
ideas	0.1
budget	0.14
world	-0.13
advertising	0.31
remembering	-0.17
perspective	0.07
ruby	2.01
herself	0.75
proposal	0.04
least	-0.03
suspect	-1.68
severe	-1.5
pristine	1.0
employee	0.4
honorable	0.13
wants	-0.35
disposable	0.1
murderous	-1.66
chart	0.86
diane	0.75
legal	0.16999999999999998
except	-0.29
luxurious	1.27
united	-0.22
craig	0.33
exchange	0.92
everybody	-0.16
skills	-0.27
botanical	0.1
israeli	0.025
comparative	0.05
operation	-0.19
station	0.01
angels	-1.5
notorious	-0.34
voices	-0.46
ruled	-0.08
vertical	0.16
functional	-0.09
till	-0.35
venerable	0.53
mortal	-2.45
backed	-0.11
ear	-0.04
sloping	-0.06
poured	-0.61
tomatoes	0.1
pad	0.21
alternate	-0.3
realize	0.04
respond	-0.04
becoming	-0.76
steaming	0.49
drunk	-2.5549999999999997
drops	-0.08
pushing	0.11
rings	0.1
confident	1.385
funeral	1.5
dark	0.78
roses	0.08
narrative	0.02
inches	0.57
madeleine	0.82
stayed	-2.24
latin	0.165
oklahoma	-0.28
basic	0.2
beans	0.08
lowered	0.12
smells	-2.36
telephone	0.18
baggy	0.49
asleep	-0.6599999999999999
worldwide	-0.29
marine	-0.265
mississippi	-0.94
elevated	0.07
landed	-0.49
hopeful	0.59
frank	0.39
grew	-0.58
chain	0.15
allowing	-0.03
glowing	0.3
meals	0.34
grant	0.47
caused	-1.51
planned	0.31
mission	-0.1
puzzled	-0.78
finished	0.52
afterward	0.04
lengthy	-0.43
linguistic	-0.24
scent	-2.19
ever	-0.29
networks	0.25
happiness	2.51
determine	0.04
professionals	-0.09
reporters	0.11
circumstances	-2.59
understandable	0.17
clearing	0.2
jeremy	0.47
passion	1.53
projects	-0.52
intense	-0.77
korean	-0.2
facial	-0.14
approach	0.07
anonymous	-0.27
corn	0.14
pitiful	-0.99
hideous	-2.58
provincial	0.12
nothing	-0.1
terrorism	-1.44
floral	0.76
needless	-0.46
rail	-0.04
muted	-0.07
ok	0.94
opaque	0.22
repair	-0.54
institute	0.13
policies	-0.1
capacity	0.39
blackened	-0.35
heads	0.48
backward	0.54
hips	0.3
jewish	0.125
southwestern	-0.2
ignored	-0.52
fluffy	0.56
wind	-0.28
cycle	-0.79
favorable	0.66
keys	0.2
regarding	-0.41
reference	-0.8
pin	0.09
piece	0.05
tice	-0.17
display	0.22
academy	0.61
india	-0.25
la	0.59
august	0.81
stock	0.98
municipal	-0.16
strikes	-1.48
greasy	-0.51
drawing	0.15
deer	-0.97
painted	0.38
pagan	0.02
extreme	-1.0
devout	0.5
smaller	0.255
cynical	-1.48
residential	-0.33
fact	-0.19
provide	-0.11
precisely	-1.77
butter	0.39
stylish	1.39
agitated	-1.65
species	-1.14
intelligence	0.09
korea	-0.3
october	0.71
en	0.76
john	0.43
participants	0.07
trapped	-2.83
civil	-0.41
et	0.06
fond	0.14
calm	1.22
word	0.11
large	0.155
casual	2.005
evening	0.63
chamber	-0.12
explains	0.16
ext	-0.02
foods	-0.27
substantial	0.08
february	0.71
boot	0.17
arab	-0.37
reduced	-0.25
ah	0.82
distorted	-0.63
looked	0.05
personnel	-0.04
shapes	-0.46
ignore	-0.56
airborne	-0.42
ride	0.23
stable	1.33
victim	-3.01
musical	0.655
fragrant	1.86
colored	0.5700000000000001
russell	0.48
european	-0.055
france	-0.12
conservative	0.23
strike	-0.8
dust	-0.48
mentioned	-0.61
spectacular	1.55
angle	-0.76
nearest	0.09
relationship	1.89
indirect	0.39
chaotic	-1.3
type	-0.57
potential	-0.14
petty	-1.47
stars	-0.17
clumsy	-1.32
rational	0.21
operational	-0.42
cruise	1.22
effects	-0.65
saturday	0.67
throat	-0.88
upward	-0.0
revolutionary	-0.46
join	0.55
engine	-0.23
approaching	-0.33
older	0.525
passenger	-0.21
mercy	-0.55
raise	0.14
bat	-0.39
delicate	2.6900000000000004
efforts	-0.02
usually	-0.18
bipolar	-0.97
spots	-0.54
maria	0.36
seventeen	0.21
potatoes	0.12
austin	-0.27
until	0.22
swallowed	-0.67
expression	0.24
viewed	-0.77
discover	-0.01
revised	0.23
executives	-0.08
findings	-0.05
amount	0.2
steven	0.54
institutional	-0.17
taut	1.13
spontaneous	0.63
mystical	-0.86
jim	0.35
feels	-0.67
naval	-0.16
attend	0.89
taking	0.22
auburn	1.27
ghost	-2.11
prone	-0.71
foster	0.09
lived	0.45
wiry	1.17
walls	0.06
marco	0.36
emory	0.0
willie	0.1
ted	0.16
craft	0.23
eternal	-1.03
less	-0.57
sun	0.03
dearest	1.96
submerged	-0.5
sole	0.7
dream	-0.8
absent	0.08
recommended	0.11
powdered	0.62
recognizable	0.75
forms	0.14
stuffed	0.32
news	0.11
interstate	-0.34
kid	-0.43
plant	0.51
case	-0.65
chances	-0.32
unlucky	-2.58
displayed	0.15
students	0.3
complete	0.405
latter	-0.65
general	0.0
shelves	-0.01
idle	-0.74
grass	0.37
england	0.14
national	0.105
both	-0.27
talk	0.01
dietary	0.4
closing	0.07
kidding	0.37
adam	0.74
thirsty	-1.65
registered	-0.01
ai	-0.42
producing	-0.02
1990s	0.05
rosy	2.71
corrupt	-1.59
sympathetic	0.4
such	-0.63
dealing	-1.8
souls	-2.92
terror	-0.62
noise	-0.89
penetrating	0.01
finger	0.41
khaki	0.17
trade	-0.26
followed	-0.16
leaving	0.22
physically	-0.73
arrival	0.02
glamorous	0.78
pete	0.05
brutal	-2.09
returns	1.05
likes	-1.93
foremost	0.44
bunch	-1.52
cont	-0.3
irish	-0.11
mrs	0.54
counting	-0.19
statement	0.26
river	-0.03
parked	-0.05
heard	-0.8
nonexistent	-0.44
islands	-0.29
facing	-0.8
heights	0.16
harbor	-0.06
travel	0.31
particularly	-0.61
hugh	0.37
killer	-0.97
stroke	-1.44
pasta	0.07
walks	0.04
oregon	-0.28
secondary	0.0
protective	-0.15
darkening	-0.21
heady	0.29
tapped	0.23
jagged	-0.23
pick	0.12
bald	0.82
dawn	-0.1
sour	-0.35
bull	-1.25
parmesan	0.39
straw	-0.62
shocking	-1.76
jackie	0.59
noticed	-0.39
opponents	-2.26
shares	0.93
pizza	0.13
useless	-1.2650000000000001
sleek	1.44
biblical	0.05
collapsed	-1.05
yard	0.83
opera	0.9
primary	0.34
iranian	-0.01
grammy	0.38
brick	0.11
handmade	0.67
hollow	-0.41000000000000003
interview	0.15
fried	0.76
powerless	-0.94
van	-0.08
reach	0.14
preferred	0.35
troubled	-1.81
cute	1.5350000000000001
let	0.0
shorts	0.54
pink	1.245
scary	-2.315
freshwater	1.27
manly	-0.67
beef	-0.12
cardiovascular	-0.69
brighter	0.2
daughters	1.14
advancing	-0.15
breast	-0.17
available	0.29500000000000004
therapy	-0.37
attorney	-0.12
sharp	-0.36
yourself	0.04
turbulent	-0.34
genius	0.53
frail	0.13
pointed	0.17
fleshy	0.58
mindful	2.01
ta	-0.27
resist	-0.67
driveway	0.1
nightmare	-3.02
feminine	0.83
controversial	0.12
areas	-0.97
psychic	-0.75
planted	0.85
sheltered	0.96
elderly	-1.4
majestic	0.59
outraged	-1.08
towards	-0.01
considerable	0.295
median	-1.47
justice	0.03
abruptly	-1.11
nasty	-2.295
profession	0.6
curly	1.05
must	0.03
average	0.21500000000000002
creepy	-2.17
giants	0.04
astronomical	0.12
judge	-0.32
prize	0.61
got	-1.18
bureau	-0.28
publicly	-0.32
tim	0.35
community	-0.54
helpless	-1.24
stout	1.13
middle	0.17
contents	0.36
milky	0.3
clark	0.33
major	-0.145
ladies	2.06
ruthless	-0.53
comprehensive	0.25
alert	0.05500000000000001
brought	0.01
clandestine	-0.03
internet	0.19
pig	-1.46
aspiring	0.41
dean	0.26
purchased	0.24
neither	-0.37
select	0.07999999999999999
chronicle	0.15
wet	-0.325
everyday	-0.835
courts	-0.23
c	0.57
fruit	0.63
poisonous	-2.16
legitimate	-0.09
blacks	-2.55
carefully	0.09
provides	-0.09
army	-0.24
placid	1.53
skeptical	-0.5
months	0.15
bug	-1.26
emotions	-0.25
carrying	0.35
southeastern	-0.6
cia	-0.2
lou	0.21
ethnic	-0.63
send	0.21
architectural	0.61
intelligent	0.975
nostalgic	0.28
go	-0.02
needs	-0.55
atlanta	-0.04
wooden	0.21000000000000002
recently	0.28
swelling	-0.7
science	0.06
competition	0.29
why	0.34
yours	0.15
resources	-0.03
dozen	-0.42
grip	0.86
wonderful	2.835
gentle	2.3449999999999998
instruction	0.11
desperate	-1.63
refined	1.47
moore	-0.12
czech	0.22
tree	0.81
fitness	0.26
rebellious	-0.61
males	0.37
yards	0.09
untouched	0.34
gross	-2.1
show	0.1
swollen	-0.29
monstrous	-1.18
smiling	1.7
universal	-0.13
trip	1.06
requirements	0.22
worst	-2.765
sensible	0.21
shift	-0.76
content	0.3
production	0.1
pitcher	0.05
women	0.6
causes	-1.21
solution	-0.08
todd	0.42
dry	0.18
january	0.67
inspired	0.61
theory	0.04
downstairs	-0.32
assessment	0.47
initially	-1.01
believes	-0.47
polite	1.9049999999999998
neat	1.31
tell	0.4
reassuring	-0.72
elected	0.25
thoughtful	0.88
catholic	0.37
danish	0.11
creative	0.44
delicious	2.2
attended	0.63
blurry	-0.39
success	0.33
exactly	0.12
matthew	0.58
pay	0.28
suit	0.57
primarily	-0.34
frequent	-0.9650000000000001
combined	-0.14
silvery	0.57
commanding	0.14
card	0.37
grow	0.13
threat	-0.96
associated	-0.67
basketball	0.45
governing	-0.3
stunned	-1.32
passes	0.0
tropical	0.63
periodic	0.0
carbon	-0.11
limbs	0.37
electricity	0.09
descriptive	-0.05
images	0.02
technique	0.3
al	-0.48
excessive	-0.61
wine	-0.65
demonstrated	0.52
nobody	-0.27
peterson	-1.04
orthodox	0.45
hebrew	-0.01
lock	-0.12
drug	-0.68
nagging	-0.47
explained	-0.22
youngest	0.635
judgment	-0.32
muffled	-0.15
write	0.24
fathers	1.07
medieval	0.13
access	0.29
complicated	-0.37
collegiate	0.46
theatrical	0.26
diseases	-1.01
k	0.57
folks	-0.04
route	0.11
sandy	0.74
dragon	-2.51
clothing	0.48
squat	0.51
crew	-0.68
humor	0.41
challenging	-0.395
released	0.25
chill	0.52
corner	-0.06
mental	-0.625
introduced	0.07
accurate	0.76
contain	-0.04
similarly	-0.03
architecture	1.41
explaining	-0.06
scholarly	0.18
plastic	-0.01
dependent	-0.93
grand	0.43500000000000005
inn	1.06
given	-0.33
developing	0.039999999999999994
steering	0.21
couples	0.97
nonprofit	-0.21
healthier	0.52
kitchen	-0.69
report	0.03
catastrophic	-2.42
manifest	-0.16
pain	-1.42
noisy	0.32
beyond	0.08
bucket	-0.45
unnatural	-2.64
went	-0.43
saw	-0.19
adorable	1.2
retreat	0.02
equivalent	-0.65
proof	-0.04
wisdom	0.4
consecutive	0.12
unusual	-0.865
much	-0.16
strength	0.43
magnetic	0.03
grainy	-1.54
victory	0.02
gain	0.23
industry	0.01
composite	1.35
possibly	0.05
canvas	0.22
unmanned	-0.19
concluded	-0.56
protestant	0.56
eaten	-0.92
issue	-0.81
liberty	0.89
vast	0.295
helps	-0.01
collective	-0.28
hollywood	0.92
illness	-1.44
flavor	-0.29
selling	0.33
depends	0.0
nation	-1.27
drink	-1.33
wars	-0.85
unlike	0.18
gay	0.215
dim	-0.265
smallest	0.23
abuse	-1.07
spokesman	0.1
allies	-0.72
searching	0.07
shop	0.41
worried	-2.34
balls	0.08
studying	-0.08
island	0.04
watches	0.03
controls	-0.06
knocking	-0.38
build	-0.31
earthy	1.01
standing	-0.0
concept	-0.06
gnarled	0.18
damage	-1.82
gracious	2.52
lies	-0.14
barren	0.04
yes	0.92
massachusetts	-0.09
dismal	-0.47
yearly	0.23
choosing	0.69
ambiguous	-0.56
sixty	0.05
entrepreneurial	0.0
bedroom	-0.61
vietnamese	-0.23
friend	1.33
slowed	-0.25
am	0.06
sex	0.83
dense	0.18
chef	0.51
reasonable	0.97
trash	-0.26
characters	-0.74
without	-0.6
alpine	0.2
savvy	0.29
caroline	0.9
wonder	0.18
lone	-0.41000000000000003
hefty	0.51
margaret	1.14
cases	-0.71
filthy	-2.01
designer	0.72
awareness	0.61
toilet	-0.73
grim	-1.01
twin	1.09
gates	0.29
gon	-0.26
another	-0.09
terry	0.51
drag	-0.21
oh	0.99
ceo	0.34
democrats	0.29
heightened	-0.55
media	0.16
worker	-0.25
crooked	-0.65
principal	0.24
direct	-0.35000000000000003
armed	-0.58
austrian	0.12
begin	0.2
unspoken	-0.34
inc	-0.19
passengers	0.17
phenomenon	-1.08
thrown	-0.14
uniformed	-0.04
faculty	0.14
recognize	0.04
bass	0.66
sticks	0.49
three	-0.08
gotten	-0.57
fleeting	0.79
soaring	0.48
platform	0.17
shirts	0.55
christopher	0.35
agreement	0.86
wounded	-1.42
deeper	-0.03
figures	-0.75
costs	0.35
pictures	0.03
anyway	0.46
follows	-0.03
admirable	1.35
file	0.13
body	0.05
guard	0.05
throws	-0.01
sally	0.9
boots	0.46
teaching	0.18
aerobic	0.32
territorial	-0.33
academic	0.215
ca	0.05
flat	0.825
inappropriate	-0.78
stranded	-0.85
screaming	-0.83
tournament	0.16
last	0.52
tickets	0.39
constitutional	-0.16
temple	0.14
partly	-0.5
upstairs	-0.67
probable	-0.39
danny	0.27
minutes	0.3
fit	2.44
drop	0.06
top	0.71
active	0.61
cranky	-1.64
burden	-0.51
retail	-0.13499999999999998
adopted	0.45
mystic	-0.2
support	0.23
captive	-0.14
flawless	2.31
quirky	0.01
integrated	0.23
vote	0.27
illinois	-0.3
asks	-0.3
strongly	-0.16
integral	-0.31
food	-0.37
dock	0.12
hello	0.75
pervasive	-0.68
sprawling	0.25
infection	-1.22
nest	-1.04
philosophy	0.21
low	0.31
mandatory	-0.25
chips	0.32
leg	0.3
marginal	-0.09
annie	1.01
heavenly	0.65
taller	0.6
citizen	-0.35
neighbors	-0.0
cloudy	0.34
distinctive	-0.4
row	-0.07
warmth	0.97
shed	0.23
oldest	0.5800000000000001
dig	0.12
techniques	0.06
edges	0.22
baby	0.58
however	-0.16
ecstatic	0.69
processes	-0.53
emerged	-0.21
prior	-0.4
mall	0.63
leaders	-0.14
daring	0.2
clinical	-0.275
washington	0.04
authentic	0.56
pulled	0.06
still	0.1
optional	0.49
parking	-0.35
couch	-0.13
bold	0.405
lifting	0.27
bishop	0.09
basement	-0.68
prolonged	-1.24
salary	0.65
unsure	-0.88
ask	0.19
upstate	-0.24
guards	-0.0
paris	0.22
beginning	0.42
rode	-0.31
throbbing	-1.03
hotel	0.06
profile	1.67
lines	-0.09
double	0.095
reaction	-1.19
missed	-0.53
iraq	-0.58
slices	0.06
subtle	0.25
leads	-0.2
embarrassing	-1.76
wrist	0.33
fractured	-0.81
deep	0.22500000000000003
championship	0.3
occasion	0.45
english	0.33
compete	0.14
manicured	0.41
truly	0.82
mexico	-0.3
communal	0.12
defiant	-0.26
laboratory	-0.05
idea	-0.09
request	0.05
village	0.26
heroic	-0.71
packed	0.38
sick	-2.67
protect	-0.56
bride	1.56
onto	0.14
paying	0.27
pricey	0.63
prepared	0.09
fearful	-1.26
pass	0.08
materials	0.07
tennis	0.34
sale	0.31
model	0.42
afraid	-1.115
federal	-0.32
teaspoon	0.14
elementary	0.05
saint	0.3
driven	-0.31
falls	-0.03
left	0.52
riding	-0.8
faint	-0.5800000000000001
archaeological	0.34
paint	0.49
print	0.11
ready	0.775
presidential	0.13
phil	0.25
past	-0.035
sing	1.75
increases	-0.07
beside	-0.04
cast	-2.01
continental	-0.05
mill	0.04
steamy	-0.4
appropriate	0.835
should	0.0
aloud	0.02
victims	-2.28
weathered	0.16
safer	0.86
v	0.57
laura	0.84
dizzy	-1.54
sensual	0.77
studies	-0.01
learn	0.09
iron	0.23
specifically	0.22
color	-0.02
aware	-0.7050000000000001
pole	0.25
walk	0.04
favorite	1.585
sit	0.04
kit	0.02
afternoon	0.85
roles	0.26
spotted	-0.2
spacious	1.07
homosexual	-0.01
fraud	-0.83
retired	0.26
maryland	-0.35
plate	0.08
experiences	0.7
because	-0.22
ali	-1.11
stands	0.07
neural	-0.26
faces	-0.39
arms	0.29
deaths	-2.01
details	0.03
sign	-0.1
prominent	-0.09000000000000001
tissue	-0.48
minds	-2.08
powell	-0.49
industrialized	-0.36
notes	0.2
secretary	0.12
address	-0.04
court	-0.03
grateful	1.72
master	0.22
crimes	-1.86
cluttered	0.35
hazel	0.95
lack	-1.97
wall	0.01
entrance	-0.1
waves	-0.21
others	0.01
bears	-1.32
designs	0.64
downtown	-0.045
husband	1.37
businesses	-0.07
loaded	0.35
together	2.09
consumer	0.09
postal	-0.08
arrive	0.38
quick	0.62
liquid	0.25
ruth	1.01
poignant	-0.12
simplest	0.44
seeds	0.65
glimpse	-0.04
march	0.74
length	0.47
cops	-0.43
habit	-1.13
led	-0.71
cellular	-0.07
visitors	0.88
francisco	0.04
rhythmic	-0.51
slightly	0.03
plot	-0.64
degrees	0.15
contest	0.51
organizations	-0.24
occasionally	0.17
yelled	-0.15
conscious	-0.48
sliding	0.09
hoped	-0.45
gleaming	1.11
pounds	0.03
fell	-0.1
sane	0.89
harold	-0.19
m	0.57
grounds	0.62
revolution	0.08
stellar	1.57
adds	-0.06
quarterly	-0.28
effectively	-0.49
powder	0.3
tricky	0.04
hell	-0.65
sharper	0.05
racist	-1.52
underneath	-0.02
bud	-0.4
pointless	-0.87
mess	-2.11
starting	0.23
shrugged	0.14
thus	-0.3
routine	0.02
mention	-0.56
sixth	0.99
losses	-0.68
owners	-0.31
nails	0.25
dried	0.18
infectious	-0.93
devil	-1.81
insane	-1.3
ours	-0.28
guest	-0.1
keen	0.08
hang	0.12
charlie	0.24
roof	0.09
software	0.16
desk	0.11
flesh	-0.22
shell	-0.14
knowledge	-0.19
underlying	-0.23
diplomatic	-0.47
houston	-0.0
crucial	0.165
companion	1.06
sunset	0.21
physical	-0.185
lobby	-0.26
ripped	-0.4
electoral	-0.19
adequate	0.5
remarkable	0.30000000000000004
talented	0.44
typically	-0.49
nutritional	0.38
demanding	-2.09
held	0.13
vaulted	0.43
considered	-0.36
dazed	-1.08
referring	-0.12
bored	-2.16
hamilton	0.17
sword	-0.06
produced	-0.02
grey	1.48
rich	-0.775
difference	-0.13
pulse	0.42
carry	0.1
training	0.1
dreadful	-1.93
engineer	0.09
louis	0.21
grain	-0.12
savage	-1.55
sent	0.07
sky	-0.09
restaurant	0.25
fight	-0.71
traumatic	-3.08
tallest	0.52
recall	-0.13
gender	0.18
remained	0.18
heavily	-0.63
lucy	1.15
established	0.22
testing	0.08
workout	0.18
richard	0.41
intriguing	-0.28
shower	-0.6
duty	-0.02
honest	1.625
seemed	-0.47
trendy	0.51
president	0.28
originally	0.18
cleaning	-0.87
lawyers	-0.28
brothers	0.97
deputy	0.1
synthetic	0.29
dirt	-0.07
beneath	0.36
investment	1.01
told	0.14
rob	-0.24
creatures	-2.42
newly	0.2
audio	-0.04
mellow	1.89
pull	0.05
sucked	-0.05
organizational	-0.06
sight	-0.26
museum	0.94
provided	-0.13
recalls	0.29
felt	-0.74
resulting	-0.97
actress	1.01
startling	-0.42
microscopic	-0.34
growing	-0.27
cholesterol	-0.11
prevalent	-0.36
demands	-1.01
operate	0.1
solitary	-0.46
plausible	-0.13
relative	0.26
experiment	-0.01
mark	0.39
badly	-0.73
window	-0.18
german	0.27999999999999997
genes	-0.62
heavier	0.37
captured	-1.01
correct	-0.21500000000000002
appears	-0.09
surprise	0.32
capita	-0.45
local	-0.13
substance	-0.27
main	0.33
star	0.29
authorities	-0.66
pulls	0.0
stricken	-1.15
enjoy	1.89
relentless	-0.45
longest	-0.37
earlier	0.16
forests	-0.04
focused	-0.36
grassy	0.44
nationalist	-0.13
high	0.215
edge	0.15
reader	0.61
copy	0.19
afghanistan	-1.02
nearby	0.010000000000000002
medium	0.5700000000000001
crown	0.63
pro	0.175
antique	0.98
lucky	1.135
unfamiliar	0.41
founding	-0.18
responses	0.32
log	0.24
diet	-0.01
girlfriend	1.34
anxious	-2.05
dozens	-0.5
argued	-0.72
cook	0.17
matters	-0.44
vice	0.16
earnings	0.51
drives	-0.03
james	0.44
pair	0.57
dollar	0.33
hear	-0.82
ceremony	1.69
insurance	0.23
account	0.64
motor	0.23
contrast	-2.09
very	-0.0
warren	0.55
big	-0.44499999999999995
paintings	0.46
eager	0.28500000000000003
fine	2.27
beliefs	0.34
second	0.39
slip	0.45
glossy	1.27
fox	-0.05
geological	-0.16
interim	-0.03
receive	-0.06
sweaty	-0.77
leaning	0.25
belonged	0.2
dating	1.18
confirmed	-0.09
corporate	-0.009999999999999981
collected	0.03
obscure	-0.56
meant	-0.35
helen	0.77
charity	0.53
closet	-0.32
wishes	0.35
shimmering	0.56
classes	0.23
grown	0.21
wave	0.07
lie	-0.08
method	0.25
fixed	0.05
rushed	-0.18
mountain	0.22
cost	0.44
terrific	2.39
buy	0.11
contract	0.11
int	0.06
arrived	0.17
talking	0.05
ya	-0.25
columbia	0.13
stocks	1.09
vanished	-0.44
bringing	0.82
inflated	-0.25
rusty	0.39
components	-0.03
rice	-0.02
ironic	-0.44
bowl	0.39
parks	0.02
hairy	-0.13
hole	0.01
cheaper	0.5
raucous	-0.21
reason	-0.12
rush	-0.25
stop	-0.11
cool	1.1400000000000001
injured	-1.84
hospital	-0.3
responsibility	0.48
gift	1.89
vacation	1.41
l	0.57
fewer	-0.31
insignificant	-0.68
valuable	0.335
few	-0.28
human	-1.005
lethal	-1.36
acceptable	-0.12
preparing	0.24
disappeared	-0.24
alcoholic	-0.15
dick	0.47
palpable	-0.58
moment	-0.4
denied	-0.5
flaming	0.27
setting	0.31
off	-0.17
items	0.39
holds	0.04
grocery	0.07
endangered	-0.22
offer	0.51
appeal	0.2
approached	-0.07
scenes	-1.12
coal	-0.29
called	-0.26
cracked	-0.2
toward	0.08
assistance	-0.18
security	0.07
equipment	0.07
fanciful	-0.93
medical	-0.325
aid	-0.34
impressive	1.22
fee	0.25
including	-0.29
hitting	-0.15
staff	0.1
creation	-1.72
explosion	-1.3
hands	0.69
fatty	1.6
metropolitan	-0.23
inexpensive	1.24
tech	-0.04
laughs	-0.01
slower	0.34
hood	0.1
hesitant	-0.52
outside	0.01
innovative	0.13
costly	-0.55
hardest	0.03
tries	-0.07
trails	0.14
adept	0.01
philosophical	0.03
technology	0.14
employees	0.49
covert	-0.33
screamed	-0.78
indonesian	-0.22
particular	0.07
memory	0.04
sparse	0.21
precious	1.12
hispanic	-0.54
death	-1.72
song	0.89
ed	0.3
runaway	0.25
skin	0.77
marks	-0.28
directed	0.22
crossing	0.02
thankful	2.2
movement	0.02
olympic	0.45499999999999996
wee	1.1
churches	-0.03
amused	-0.33
theater	0.58
yeah	0.61
standard	0.5700000000000001
claimed	-0.45
alabama	-1.02
relations	0.93
education	0.15
mute	-0.54
conclusion	-0.28
baptist	1.5
detroit	-0.1
lily	1.5
decent	1.2149999999999999
thirty	0.02
caught	-0.2
elastic	0.16
soup	0.13
spanish	0.14500000000000002
boys	0.42
sisters	1.07
well	1.5
miles	0.02
bus	-0.15
town	0.14
split	0.64
begins	0.09
conflict	-0.32
obsessive	-0.74
exhausted	-2.1
stood	0.01
newspapers	0.14
courage	1.04
visionary	0.29
discreet	0.81
pour	0.19
efficient	0.9
services	-0.1
jessica	-0.32
compressed	-0.29
concentration	-0.73
misleading	-0.47
monster	-2.82
risks	-0.63
moves	0.04
south	-0.25
astonishing	-0.16
lightning	-0.49
spirited	0.93
discovered	-0.08
signal	-0.09
flattering	1.62
indeed	-0.05
legend	-0.1
indians	-0.84
scarce	0.09
stressful	-0.46
disappointed	-1.625
branches	0.08
applied	0.18
frightening	-2.59
slave	-0.95
speed	0.82
ritual	1.11
credit	0.41
suits	0.91
philip	-0.03
plans	-0.02
desirable	0.22
tune	0.89
fierce	-0.45999999999999996
gifts	1.37
simply	-0.15
ring	0.68
giant	-0.6900000000000001
fun	1.59
traveled	0.07
win	0.3
pocket	0.17
pediatric	-0.56
glittering	0.79
countries	-0.33
digging	0.19
frayed	-0.32
ball	0.05
connections	0.69
throughout	-0.32
dedicated	-0.02
spain	-0.21
regional	-0.11
application	-0.1
inferior	-0.16
pursue	0.18
mike	0.37
teenager	0.21
hand	0.34
ribs	-0.54
external	-0.31
confidence	0.51
anyone	-0.24
anthony	0.38
exceptional	2.26
alliance	-0.46
starving	-1.43
scale	0.17
brad	-0.49
tent	-0.15
steady	0.925
oversize	0.39
maintained	0.27
em	-0.27
mountains	0.01
gardens	2.02
paternal	0.28
uneven	-0.36
darkened	-0.18
congress	-0.06
instructions	0.16
o	0.54
jet	-0.74
session	0.13
mature	0.64
zero	-0.2
improved	0.77
parents	0.68
influence	-0.39
though	-0.35
targets	-0.73
seek	0.29
marcus	0.12
creaking	-0.68
wildlife	-0.51
financial	0.05499999999999999
cheap	-0.84
addressed	-0.26
transition	-0.13
serves	0.5
swiss	0.18
visual	0.055
settlement	0.44
barbed	-0.23
today	0.3
lid	-0.06
chris	0.31
ultimately	-0.14
obvious	-0.105
prove	-0.17
cats	-1.14
collar	0.4
keep	-0.01
prince	0.16
improvement	0.01
captain	-0.07
matt	0.4
sorry	0.81
daniel	0.32
forced	-0.04
rickety	0.15
novel	0.39
generous	1.31
goals	0.19
owns	0.33
ending	1.04
jews	-0.41
slightest	0.01
broadway	0.62
fame	0.84
susceptible	-0.97
jail	-1.21
televised	0.07
potent	-0.26
opening	0.03
favor	-0.52
grill	0.2
creek	0.22
settled	1.19
frowned	0.06
slowly	0.04
someday	0.27
york	0.13
carter	0.44
border	-0.5
mask	-0.3
client	0.28
navy	-0.04
help	-0.1
intentional	-1.18
motionless	-0.74
stumbled	-0.19
rate	0.23
atomic	-0.28
fifth	1.07
chase	0.53
users	0.31
rampant	-0.59
temporary	-0.255
subjects	0.14
rushing	0.03
du	0.48
iraqi	-0.49
sauce	0.13
unlimited	0.12
w	0.57
searched	-0.4
between	0.82
thompson	0.66
score	0.9
continued	-0.03
bread	0.1
bony	0.79
francis	0.32
recorded	0.33
mounted	-0.06
winding	0.05
brain	-0.5
cotton	0.3
generally	-0.24
works	0.73
scholars	-0.01
review	0.14
bird	-1.66
pump	-0.07
rise	-0.0
insulated	0.04
teenage	0.35
chip	0.19
ago	0.06
diagnostic	-0.22
ministry	0.06
crimson	0.64
photos	0.17
chance	0.26
drain	0.23
spin	-0.13
dial	-0.0
moments	0.84
lessons	0.28
princess	1.16
develop	-0.31
dominant	0.24
involvement	-0.15
christmas	2.34
lavish	1.0
crowded	-0.07500000000000001
ancient	0.175
organized	0.05
act	-1.33
harder	-0.4
h	0.57
event	-0.8
warped	-0.28
accidental	-2.07
whenever	-0.03
photographic	0.08
choices	-0.33
drama	0.32
demand	-0.18
gone	-0.42
table	-0.03
brendan	0.1
fashion	1.45
tall	1.255
roy	0.5
jean	0.44
faded	0.02
volunteers	0.47
combine	0.19
woods	-0.01
pushed	0.07
same	-0.34
compact	1.03
laws	-0.14
progress	0.59
days	0.28
seventh	0.97
helicopter	-0.74
jokes	-0.47
challenged	-0.42
find	0.0
robust	1.19
places	-0.33
tinted	0.4
williams	0.58
rested	0.17
naive	-1.72
changes	-0.67
illicit	-0.69
reverse	-0.38
hi	1.25
declared	-0.33
gate	0.13
dignified	0.86
stick	-0.32
probing	-0.08
newer	0.3
thanks	1.38
group	-0.25
come	0.16
survive	-0.92
bought	0.33
famous	0.04500000000000001
tears	-0.3
nathan	0.32
path	0.04
flowering	0.38
league	0.27
listening	0.05
flames	-0.64
poet	0.64
affordable	0.55
essential	0.675
camera	-0.01
friendship	2.14
bob	-0.16
data	0.13
points	0.36
mediterranean	0.02
flew	-0.71
thing	-0.76
may	-0.04
managing	0.08000000000000002
irresistible	0.3
misguided	-1.98
vocal	-1.17
command	-0.22
wear	0.62
rolled	0.1
truth	0.27
similar	-0.28500000000000003
deliberate	0.05
gun	-0.44
deeply	-1.46
struggling	-0.36
bleached	0.92
figured	-0.3
snapped	0.03
movies	0.21
division	0.01
dogs	-1.55
seconds	0.11
hundred	0.02
sure	1.285
interesting	1.655
vigorous	0.68
sue	0.06
male	0.455
judges	-0.21
civilization	-0.68
information	0.17
roger	0.47
rises	0.08
unstable	-1.64
commander	-0.12
lemon	0.13
fertile	0.15
university	-0.0
tax	0.37
gaze	0.09
suicide	-2.85
willing	0.175
ralph	-0.26
stand	0.01
farm	0.3
prickly	0.78
retirement	0.82
somewhat	-0.86
overwhelming	-0.2
silently	0.13
started	0.17
politicians	-0.54
leave	0.41
free	0.33999999999999997
anxiety	-0.55
nature	0.32
christian	0.35500000000000004
peace	1.89
need	0.02
reaching	0.1
nicky	-0.32
royal	0.435
spine	0.1
heritage	0.5
killed	-1.41
iced	0.35
unbearable	-2.45
within	0.18
does	0.04
slipped	0.05
expanded	-0.18
met	0.25
newfound	0.33
scientist	0.21
sales	0.33
witness	-1.17
samuel	-0.04
phantom	-0.4
reverend	0.03
ignoring	-0.91
symptoms	-1.23
commission	0.05
rely	-0.03
increased	-0.36
apparent	-0.41000000000000003
busy	-0.465
staring	-0.16
approved	-0.05
camps	0.19
agenda	0.08
warned	-1.13
shiite	0.09
maritime	-0.19
super	0.6599999999999999
express	0.46
wry	-0.02
tied	0.34
moving	0.17
affair	1.14
meaning	0.28
encounter	-0.8
passage	1.05
pine	0.24
spell	-1.35
tangled	0.26
capital	0.9
studio	-0.03
resort	0.49
outrageous	-1.82
firmly	0.29
halfway	0.01
gorgeous	2.705
prospective	0.46
conspicuous	-0.16
game	0.38
parched	-0.53
teens	0.31
close	0.54
jonathan	0.26
worry	-0.16
round	1.06
murky	-0.12
minimal	-0.12
reflect	0.11
albert	0.42
start	0.29
varying	-0.5
murder	-1.93
approaches	0.1
becomes	-0.62
dead	-0.135
legendary	0.28
varied	-0.13
shook	0.35
logic	0.04
inaugural	0.17
gaping	-0.65
thrilling	0.88
soap	-1.56
fill	0.3
hysterical	-0.77
never	-0.35
basket	0.18
grandfather	1.02
tips	0.88
strangers	0.55
mock	0.43
chic	1.03
balance	1.73
try	-0.03
normal	0.185
police	-0.72
beard	0.89
goddamn	-0.97
divorced	1.38
marvelous	1.58
buddhist	0.05
booming	-0.25
abortion	0.34
reduce	-0.38
adult	0.31
gang	-1.01
almost	-0.19
lifetime	1.73
piano	0.9
monetary	-0.06
intensity	-0.06
stunning	0.85
happened	-0.21
referred	-0.66
meat	-0.65
knowledgeable	0.35
marie	0.97
tucked	0.12
spent	0.21
worthless	-1.41
soil	0.28
intact	0.71
inside	-0.12
andy	0.31
cosmic	-0.26
stray	-1.7
amber	0.76
arrest	-1.3
private	0.43999999999999995
disturbing	-1.36
category	0.31
burnt	-0.35
pepper	0.02
molly	1.15
hungry	-2.375
critics	-0.65
hunt	-0.94
reminiscent	0.93
aesthetic	0.05
atop	0.16
ellen	0.53
pressed	0.27
repeat	0.31
hours	0.24
turkish	0.01
appealing	1.48
presented	-0.28
slammed	-0.21
lots	-0.91
damaging	-0.53
sustainable	0.03
overhead	-0.62
school	0.15
sore	-1.26
research	-0.03
tended	-0.42
insistent	-0.65
pa	-0.15
wider	0.26
circuit	-0.02
bow	0.63
management	0.47
shifted	-0.31
prevent	-0.87
armored	-0.11
tasty	2.52
birds	-1.38
adjacent	0.43
stocky	1.07
figure	0.77
warning	-0.36
noted	-0.17
apple	0.65
premier	0.11
worse	-1.365
singer	0.99
consumers	0.15
purse	0.12
karen	0.35
renowned	0.34
too	-0.49
rather	-0.28
tempting	0.7
deepest	-0.12
tie	0.53
fashionable	0.61
bright	0.805
rocky	0.04000000000000001
sigh	0.28
discussed	-0.36
flickering	0.06
steam	-0.53
obsessed	-0.43
pennsylvania	-0.34
makeup	0.99
campbell	0.01
tomorrow	0.42
lieutenant	-0.18
nonetheless	-0.47
reckless	-0.86
covers	0.14
handy	2.28
preformatted	-0.22
oblivious	-0.4
coveted	1.43
argument	-0.23
horror	-1.03
regularly	-0.07
sheer	0.5800000000000001
laden	-0.78
mansion	0.92
turquoise	0.99
sarcastic	-0.79
ron	0.37
horse	-0.47
earliest	0.01
eyebrows	0.63
recipe	0.33
lifeless	-0.41
answered	0.27
prudent	-0.01
jersey	-0.13
aisle	0.1
automated	-0.12
standards	0.68
terrifying	-2.47
reported	-0.0
burly	0.83
forgive	0.52
rick	0.26
picks	0.05
realistic	1.05
genetic	-0.485
frozen	0.075
clouds	-0.41
professor	0.12
wright	0.33
shadowy	-0.19
surprisingly	1.89
recycled	0.38
mommy	0.36
methods	0.32
soon	0.06
tonight	1.05
knowing	-0.25
tiger	-1.55
satisfaction	1.18
amounts	0.16
cheek	0.71
investments	1.12
suffer	-2.36
meanwhile	0.29
p	0.57
sweet	1.54
below	0.25
greek	0.21000000000000002
repeatedly	-1.28
identify	-0.18
writers	0.25
petite	2.36
brains	-0.48
agents	0.13
michelle	0.72
against	-0.62
focal	0.17
witch	-2.33
wooded	0.4
impatient	-1.78
scottish	0.52
transfer	0.35
inner	0.2
friday	0.63
seeking	-0.0
kansas	-0.01
respect	1.22
limit	-0.2
vile	-3.18
interactive	0.21
easier	0.31
many	-0.47
devoid	-0.32
advantage	-0.33
akin	-0.65
consulting	0.09
employment	-0.38
satellite	0.06
piercing	-0.31
anne	1.13
homes	-0.9
any	-0.24
central	-0.14500000000000002
mini	0.69
gained	0.44
sofa	-0.02
chief	0.135
pulling	0.13
stare	-0.74
accepted	0.17
escaped	-0.95
conventional	0.005
aside	0.29
silver	0.58
assault	-1.49
supportive	1.59
magical	-0.9
tracking	0.09
blade	-0.32
developmental	-0.29
voters	0.03
investors	0.96
seriously	0.11
lift	0.14
shape	0.53
ships	-0.13
share	1.0
complex	0.025
hit	-0.56
goal	0.71
lesson	-0.14
unfinished	-0.29
jane	-0.29
wondering	-0.87
brow	0.15
highway	-0.04
motion	0.57
imagined	-1.21
measures	0.35
slavery	-1.16
department	-0.07
activity	0.59
saudi	-1.02
lit	-0.72
tv	0.06
contained	0.04
response	-0.12
producer	0.44
cardboard	-0.35
shirt	0.51
fish	-0.95
cargo	-0.08
climate	-0.78
sizable	0.27
darn	1.37
tasks	-0.32
moderate	0.47
girls	0.72
accompanying	-0.28
tale	0.31
sarah	0.81
careful	0.33499999999999996
beds	0.72
team	0.33
upon	-0.36
newest	0.36
linked	-0.8
towers	0.3
monday	0.68
unit	-0.25
reminded	-1.15
slid	0.07
dented	-0.26
anna	1.4
sexual	0.11999999999999998
several	-0.43
nevertheless	0.14
listen	0.4
attention	0.05
era	0.43
bones	0.52
kerry	0.24
whom	1.14
avenue	0.25
blocks	0.05
cherokee	-0.4
samples	0.07
fighting	-0.72
cups	-0.02
note	0.42
sister	1.47
summer	0.96
blinked	0.14
definitely	0.34
successive	-0.58
smoking	-0.91
eve	1.11
jewelry	0.72
eric	0.31
economic	-0.33499999999999996
backpack	0.08
apartment	-0.3
crumpled	-0.66
african	-0.8049999999999999
caribbean	0.21
disabled	-1.6
seeing	0.09
tear	-0.23
boats	0.0
translucent	1.02
printed	0.25
bothered	-2.19
mottled	0.11
elbow	0.25
bag	0.02
demographic	-0.43
dan	0.4
dutch	0.45999999999999996
far	-0.12
chin	0.3
clay	0.04
crack	-0.41
golden	1.04
spinning	0.11
present	0.015000000000000013
distant	-0.815
mouth	0.0
occurred	-2.6
messy	0.98
bigger	0.05000000000000002
six	0.0
abstract	-0.09
please	0.61
lazy	-1.38
harmful	-0.87
buddy	-0.2
immense	0.17
refrigerator	-0.26
bet	-0.63
dreams	-0.8
infamous	-0.39
pipe	-0.94
ignorant	-1.94
represented	-0.87
courageous	0.32
riley	-0.09
cherished	-0.4
mechanical	-0.08
actor	0.83
sat	-0.02
fragile	1.04
bed	-0.29
leaf	0.73
flashed	0.27
absolutely	0.57
other	0.01
sessions	0.2
joseph	0.57
internal	-0.56
new	-0.17
requires	-0.35
visit	0.44
dallas	0.05
pressure	-0.59
cramped	-0.02
firms	0.57
volunteer	-0.01
highest	0.39
screen	-0.01
ottoman	-0.09
vegetables	-0.07
pleased	0.32
selfish	-2.18
texas	-0.35
meaningful	0.65
infant	0.56
dr	0.44
accompanied	-1.59
attached	0.3
backyard	0.84
construction	-0.52
literally	-0.64
acted	0.21
beer	-1.44
slides	0.09
deceased	0.3
secure	2.05
unpredictable	-1.77
troops	-0.68
lead	-0.44
catch	-0.22
champion	0.02
benefits	0.41
allowed	-0.04
milk	0.02
dramatic	-0.48000000000000004
kate	1.31
onstage	-0.14
rapidly	-0.31
audience	0.32
ill	-0.9550000000000001
glorious	1.65
timely	0.87
cemetery	0.83
november	0.69
leisurely	1.4
acute	-1.24
stones	0.25
rusted	-0.07
make	-0.13
jake	-0.38
square	0.24
experiments	0.07
pieces	0.06
fist	-0.05
away	0.08
enemy	-1.13
fairly	0.95
bound	0.26
pressing	0.18
action	-0.16
exasperated	-1.15
pelvic	-1.04
ass	-0.96
waxed	0.17
once	-0.03
commitment	1.0
upright	0.3
hold	0.12
neighbor	1.22
unmistakable	-1.51
suspicious	-0.9
thorough	0.56
coming	-0.23
youth	0.07
period	0.15
damn	-0.83
indian	-0.095
unclear	-0.5
weary	-1.74
guy	-0.86
enlightened	1.35
instrumental	0.19
natural	0.765
trust	1.76
bills	0.35
g	0.34
boyfriend	1.34
exception	-0.28
hurricane	-1.78
rain	-0.01
unnecessary	-0.86
reporter	0.12
stack	0.16
wash	-0.65
message	0.15
monthly	0.09
hanging	0.19
unused	-0.31
essentially	-1.19
toys	0.83
cable	0.1
sam	0.6
lights	-0.33
tightly	0.68
excitement	-0.08
san	0.08
perhaps	-0.06
eddie	0.05
apply	-0.04
farthest	0.12
commercial	-0.12
status	1.12
doug	0.37
recent	-0.155
recovery	-1.12
results	0.28
ran	-0.1
megan	0.84
taliban	-1.02
estimated	-0.14
british	0.065
eggs	-0.21
characteristic	0.22
steve	0.35
boston	0.01
pause	0.53
fall	0.23
sees	-0.05
pregnant	0.395
snap	-0.0
task	-0.18
menu	0.23
stories	0.11
capable	-0.020000000000000004
doc	0.42
cage	-1.02
insecure	-2.55
bring	0.07
often	-0.44
administration	-0.02
hey	0.61
expressed	0.43
rates	0.28
care	-0.86
something	0.15
mad	-1.935
kiss	1.9
silly	-0.97
helped	-0.11
appointment	0.31
intimate	1.36
blew	-0.55
higher	0.245
ripe	1.44
nameless	-1.13
structural	1.41
angular	1.35
episode	-0.6
administrative	-0.15
exotic	0.53
worlds	-1.07
cruz	-0.48
regret	-0.14
bourne	0.2
london	0.19
actions	-1.05
handheld	0.28
stares	-0.03
speaker	0.16
horses	-0.48
floor	-0.04
tommy	-0.3
curiosity	0.08
innate	-0.12
un	0.57
frustration	-0.29
place	0.4
attract	0.11
desert	-0.2
customary	0.33
indigenous	-0.42
proper	1.29
day	0.49
sought	-0.08
kennedy	0.28
played	0.55
remind	-1.89
revealed	-0.4
towering	0.59
story	0.24
agreed	-0.37
expressive	0.53
miller	0.46
fence	0.39
northwest	-0.43
breathing	-0.05
pastoral	0.4
outstanding	1.29
connected	-0.12
sweeping	0.35
american	-0.08499999999999999
egyptian	0.14
alfred	0.53
criminal	-1.2349999999999999
orderly	1.73
follow	0.14
votes	0.22
arctic	0.05
ordered	-0.37
bike	-0.05
houses	-0.14
lot	-0.86
tennessee	-0.3
deserve	-1.71
dare	-0.37
nuclear	-0.385
belly	0.07
patch	0.09
broke	-0.13
represents	-0.38
funding	-0.01
nfl	0.21
index	0.91
outgoing	1.06
bathroom	-0.48
wide	0.595
resolution	0.43
aluminum	0.35
trunk	0.01
knife	-0.07
rating	1.43
interviews	0.12
significant	0.07999999999999999
lifestyle	0.31
revolving	-0.01
opposite	0.695
comes	0.11
player	0.37
principle	0.24
sincere	1.74
hurry	0.08
opposing	0.13
rhythm	0.77
overcome	-0.45
coast	-0.25
kadidi	0.75
fictional	-0.18
tragedy	-3.26
somebody	-0.5
throw	-0.03
islamic	-0.545
flame	-0.55
trick	-1.1
dying	-0.97
lab	-0.07
protected	-0.13
ensuing	-1.04
carl	-0.27
ken	0.43
mostly	-0.4
mean	0.69
mouse	-1.1
smooth	2.1799999999999997
desperately	-0.33
require	-0.25
check	0.54
divided	0.39
yellow	0.66
convinced	-1.01
threw	0.01
bewildered	-1.26
meeting	0.4
aboard	-0.15
published	0.17
intensive	-0.26
decided	-0.02
fearless	0.17
engage	0.25
awful	-3.05
farmers	-0.45
sports	0.4
righteous	0.09
sleepy	-0.65
exaggerated	-0.47
eye	0.03
agencies	-0.16
space	-0.58
woke	-0.95
palms	0.08
wretched	-1.51
district	-0.25
handle	-0.41
describes	-0.64
root	0.25
disease	-1.13
brooklyn	0.16
blue	0.76
threats	-1.19
weekend	1.44
coarse	0.6
stirring	0.17
pioneering	0.29
pretend	-0.23
airy	1.69
offers	1.43
gothic	0.78
line	0.14
possessed	0.59
ominous	-2.53
seattle	0.02
slept	-0.84
attempts	-0.08
month	0.55
fed	-0.64
wise	-0.925
attracted	-0.26
trucks	-0.12
existing	-0.185
questions	-0.23
global	-0.19
famed	0.31
covering	-0.03
sufficient	0.16999999999999998
conduct	0.32
shared	2.0
opinion	-0.19
gallery	0.47
position	0.22
vital	0.565
mocking	-0.17
fled	-0.27
pathetic	-1.58
pound	-0.05
catching	-0.56
tried	-0.07
henry	0.64
pollution	-0.35
oak	0.3
take	0.07
greg	0.48
chevy	0.49
oral	-0.24
emily	1.22
taxes	0.37
r	0.57
maternal	-0.58
sin	-0.0
coffee	-0.65
civilian	-0.145
storm	-0.51
former	0.45
cooked	-0.16
jump	-0.65
swept	-0.26
poetry	0.28
lesbian	-0.29
crisis	-1.58
immune	-0.41000000000000003
guests	1.28
battles	-2.31
joining	-0.67
kept	0.08
code	-0.08
immigrant	-1.53
wavy	1.13
jr	0.63
partial	0.02
again	-0.43
strategies	0.31
life	0.8
undercover	-0.43
knees	0.19
appreciate	1.48
rival	-0.51
cut	0.19
shaggy	1.02
numerous	-0.29
open	0.17500000000000002
bridge	0.07
alarm	-0.92
resident	0.04
earnest	-0.07
floating	-0.11
institutions	-0.11
scenic	1.37
uncle	1.03
artificial	-0.46
missile	-0.63
numbers	-0.07
launch	-0.09
drivers	-0.15
boy	-1.1
buried	0.39
culture	0.04
wedding	2.39
overlapping	-0.53
debate	-0.31
honey	1.35
early	0.62
squeeze	0.46
pit	-0.21
crumbling	0.05
blanket	-0.24
prosperous	-0.07
cried	-0.06
business	0.37
disorder	-1.23
tradition	0.54
battered	-0.11
hearing	-0.58
road	0.06
shown	0.13
imaginative	0.1
pockets	0.25
cloud	-0.5
alternative	0.6699999999999999
curious	-0.58
instructional	0.39
gathered	-0.15
visitor	-0.08
magazines	0.16
angel	-0.21
button	-0.15
sydney	0.11
puffy	0.33
expansion	-0.08
served	0.04
allows	-0.05
gesture	0.83
humanitarian	-0.19
twelve	0.03
toss	0.19
guns	-0.5
oven	0.32
foreign	-0.005000000000000001
molecular	-0.32
instrument	0.69
rolls	0.04
muscles	0.17
sidewalk	0.08
homemade	0.96
threatened	-1.61
structure	0.46
net	0.33
unruly	0.94
peculiar	-1.72
burst	-0.59
original	0.31
cat	-1.86
picking	0.14
celebration	2.21
baker	0.26
each	-0.06
speechless	-0.49
pc	0.15
context	-0.2
chaos	-1.64
continues	0.02
boyish	1.26
us	-0.01
created	0.03
convincing	0.39
fans	0.23
head	0.28
ada	0.56
timeless	0.45
purpose	-0.58
miraculous	0.37
desolate	0.1
skilled	0.28
vicious	-1.81
marked	0.22
pool	0.22
number	-0.03
nowhere	0.06
candidates	0.37
also	-0.01
involving	-0.65
daughter	1.21
coffin	-0.99
nearly	0.04
headed	-0.06
johnny	0.03
boiling	0.72
seductive	0.82
injuries	-1.6
permanent	-0.085
suggested	-0.52
working	0.11
leaned	0.16
look	0.02
joy	1.26
gap	0.3
canned	0.59
peers	0.5
kevin	0.27
ardent	0.11
friends	0.96
rhetorical	-0.15
under	0.0
turns	0.05
countless	-0.615
photograph	0.38
ward	-0.11
stark	-0.35
threatening	-1.32
extra	0.32
midwestern	-0.49
sometimes	-1.1
worn	0.57
doing	1.16
stuff	-0.45
resistance	-0.23
leonard	0.25
copies	0.19
offices	-0.69
songs	0.93
manager	0.38
tiny	0.6950000000000001
queen	0.92
pm	0.84
clinic	-0.32
reform	0.17
brenda	0.09
professional	0.11
blunt	-1.44
s	0.57
geographic	-0.11
region	-0.62
force	-0.43
cloth	-0.13
stubborn	-0.29
location	-0.25
iran	-0.64
hopeless	-1.43
broadband	0.15
keeping	0.27
simpler	0.32
class	0.19
actually	0.11
millions	-0.06
practically	-2.07
tidal	-0.21
linear	0.11
triumphant	0.09
prison	-1.14
egg	0.57
lighting	-0.53
calls	0.26
bacteria	-0.95
scattered	-0.1
purple	0.8
wolf	-1.54
cart	-0.09
lord	0.49
urban	-0.915
treacherous	-0.83
champagne	-0.98
skirt	0.65
brilliant	1.305
joyful	2.64
vacant	-0.3
beach	0.26
declining	-0.13
stinging	-3.05
growth	-0.08
globe	0.22
drawer	0.1
dug	0.06
genital	-0.2
train	0.03
ballistic	-0.24
bore	0.52
solve	-0.95
messages	0.1
designated	0.04
sorts	-2.84
searing	-1.78
king	0.64
mary	0.34
sterile	0.05
sons	1.05
directions	0.2
improve	-1.68
alice	0.83
drugs	-0.82
climbed	0.06
maroon	0.6
appeared	-0.14
ford	0.07
objects	0.11
welcoming	2.41
aggressive	-0.45999999999999996
entrenched	-0.18
shore	-0.03
patrol	-0.35
silent	-0.07999999999999999
relevant	0.13
happier	0.32
applications	0.06
depth	0.76
robot	-1.24
wore	0.66
violent	-1.255
articles	0.09
scientists	-0.12
cognitive	-0.16
ohio	-0.27
shoulders	0.3
cure	-0.6
answering	0.1
franklin	0.29
faster	0.08
smelled	-2.44
flour	0.36
basis	0.05
rigid	-0.13
assorted	-0.42
states	-0.33
might	-0.01
pop	0.91
stake	-0.06
bother	-2.2
mccarthy	-1.63
shoved	0.03
disgusted	-1.14
estimates	-0.28
hudson	0.98
participation	0.25
awkward	-0.76
davis	0.35
fund	1.17
managers	0.51
agency	0.03
cattle	-0.73
fantasy	0.46
ears	-0.64
evident	-1.04
surrounded	0.4
upper	0.185
bleeding	-1.3
records	0.16
clearly	-0.28
match	1.94
ideological	-0.11
raging	-0.76
sophisticated	0.22999999999999998
regarded	-0.21
gloves	0.42
mindless	-2.56
animal	-1.68
joke	-0.48
pile	-0.27
owner	0.64
experienced	-1.02
supernatural	-1.24
writes	0.28
surprised	-0.695
participate	0.1
swung	-0.02
universe	-0.44
refreshing	2.38
bank	0.69
sounds	-0.52
launched	-0.09
checks	0.22
wiped	-0.44
divorce	0.95
cave	-0.67
questionable	-0.56
lincoln	0.16
mist	-0.47
anger	-0.24
appear	-0.33
fastest	0.44
sexy	1.405
nods	0.19
stainless	0.54
based	0.14
rid	-0.57
exhibition	0.48
range	-0.37
remaining	0.365
false	0.0
fuzzy	-0.86
breathtaking	-0.71
facts	-0.48
religious	0.11
rope	0.33
luminous	1.12
strip	-0.28
el	0.58
statements	-0.04
dad	0.87
lungs	-0.42
bearing	0.08
gore	0.19
gilded	0.49
individual	0.025
raymond	0.35
cody	0.72
effort	0.0
tobacco	-1.35
taught	0.14
unified	0.03
remember	0.05
belief	0.28
century	0.41
random	-1.995
aching	-1.22
awake	-0.625
amazing	1.26
thin	0.87
various	-0.32
apparently	-0.11
watching	-0.06
perfectly	2.69
collection	0.83
doubt	-0.0
delighted	0.64
younger	0.645
plenty	-0.1
republic	-0.26
artists	0.61
typical	0.41000000000000003
rifle	-0.44
adjoining	0.46
wireless	0.24
savings	0.6
paper	0.13
eventual	-0.14
widespread	-0.49
pages	0.19
thoughts	0.07
sold	0.34
alleged	-1.14
frustrated	-2.36
signed	0.1
josh	0.37
minister	0.15
complained	-2.51
taken	-0.27
holy	0.14
pace	0.2
doorway	-0.22
encourage	-0.32
labor	-0.58
antonio	0.18
heated	0.42
imminent	-0.72
nor	-0.61
guide	0.43
wing	-0.53
vague	0.81
dashing	-0.16
streets	-0.13
greatest	0.20500000000000002
magazine	0.16
wire	0.36
checking	0.23
nine	0.02
planes	-0.59
swear	-0.26
best	1.47
equal	0.28500000000000003
distinguished	0.49
stupid	-2.21
fiscal	0.06
preparation	0.26
rent	0.17
able	-0.04
bell	-0.22
differences	-0.16
southern	-0.515
senior	0.11000000000000001
butt	-0.05
charlotte	1.25
missing	0.3
suite	-0.36
hawaiian	0.25
friendly	1.93
peered	0.06
strict	0.02
carefree	1.01
argue	-0.41
learned	-0.37
physician	-0.24
scream	-2.79
whether	-0.05
nba	0.29
old	-0.095
late	0.47
luck	-0.11
performed	0.53
naturally	-0.14
depressed	-2.02
career	0.83
ferocious	-0.6
gives	0.17
jumped	-0.1
shredded	0.28
girl	1.06
theological	0.5
documents	0.19
bucks	-0.12
abundant	0.83
jamie	-0.32
exposed	-0.1
themselves	-0.43
hilarious	0.06
view	0.04
cheerful	2.19
landing	-0.62
heading	-0.04
target	-0.87
reflective	0.65
reading	0.17
park	0.03
difficulty	-0.53
opposition	-0.62
charm	1.11
stranger	-0.16
scrawny	0.3
muscular	1.14
colorado	-0.08
oscar	0.85
units	-0.85
regions	-1.1
warming	-0.96
statistics	-0.64
mood	-0.49
segregated	-0.31
shadows	-0.46
cop	-0.4
wealthy	-1.33
isolated	-0.855
reasons	-0.73
completed	-0.03
enter	0.13
flexible	0.57
relief	0.04
rear	0.795
grab	0.02
preventive	-0.05
offense	0.07
fever	-1.96
filed	-0.05
t	0.54
teacher	0.22
room	-0.64
rumpled	0.14
padded	0.65
affected	-1.27
onion	0.04
greater	0.335
wallace	0.25
limits	-0.59
min	1.04
bruised	-0.96
dragged	-0.37
feed	-1.1
god	0.95
asia	-0.23
sheets	0.07
loves	-1.01
handsome	1.7850000000000001
teddy	-1.17
land	-0.19
five	-0.05
remains	-0.16
lost	0.64
bodies	-0.96
victorious	-0.34
sixteen	0.04
furious	-1.16
safe	1.87
precise	0.525
above	0.2
contact	0.63
incapable	-0.04
value	0.99
peak	0.92
waited	-0.31
represent	-0.94
writing	0.21
troy	0.01
film	0.31
achievement	0.65
australia	-0.2
muslim	-0.33
ian	-0.52
mischievous	0.36
comforting	0.86
alley	0.02
brings	0.72
stiff	0.275
really	0.28
fan	-0.09
apt	0.94
starks	0.28
sort	-1.11
horn	-0.26
foundation	0.53
tense	-1.55
surely	0.13
ocean	-0.08
healthy	1.4249999999999998
interests	-0.03
damned	-2.5300000000000002
country	-0.85
x	0.53
yankees	-0.48
easy	2.245
ways	-0.06
erect	0.65
health	0.05
advisory	-0.03
creasy	0.2
humanity	-1.85
gritty	-0.15
bend	0.17
meager	0.31
wiser	0.26
conceptual	0.04
civilized	0.41
boxes	0.19
leaves	0.26
odd	-0.7849999999999999
carries	0.08
n	0.57
clinton	0.17
alike	-0.78
election	0.26
effect	-0.3
fate	-2.69
fuck	-0.66
nurse	0.18
invisible	-1.2349999999999999
warm	1.63
coastal	-0.32999999999999996
intricate	0.11
turn	0.03
bit	-0.72
superb	1.75
serious	-1.06
burned	-1.53
fake	-0.6799999999999999
disappointing	-0.03
nick	0.3
dates	0.45
store	0.23
ice	0.27
heart	-0.34
link	-0.46
brass	0.33
fabulous	2.17
stops	-0.02
car	-0.04
cubic	-0.26
cared	-1.36
crazy	-1.305
switch	-0.06
cold	-0.005000000000000001
needy	-2.22
soggy	-0.33
sara	0.97
admit	-0.73
sparkling	1.09
glass	-0.5
sand	0.04
establish	0.55
self	0.41
technologies	0.34
visible	-0.185
brother	0.93
fishing	0.12
fabric	0.47
mistake	-1.87
stepping	0.05
arm	0.37
drew	0.08
seen	-0.31
ashamed	-1.47
mediocre	1.39
necessary	0.565
stern	-0.9
meetings	-0.32
buying	0.19
kim	-0.13
eastern	-0.32999999999999996
selected	-0.11
swim	-0.15
denver	0.02
helmet	0.07
vietnam	-0.39
survey	0.04
passionate	0.43
jazz	1.03
durable	1.05
lewis	0.19
physicians	-0.3
useful	0.76
electrical	1.15
architect	0.43
episcopal	0.5
republican	0.31
toxic	-0.94
snowy	0.1
prevailing	-0.21
proposed	-0.43
successful	0.125
official	0.16
torn	-0.63
indispensable	0.32
giving	0.07
population	-0.86
article	0.02
handed	0.12
microsoft	0.26
unfair	-1.71
size	-0.1
true	0.845
used	-0.06
subsequent	-0.73
automatic	0.97
nazi	-0.53
weird	-0.78
commonplace	-0.29
whatever	0.23
whispered	0.36
web	0.14
patrick	0.78
boom	-0.63
blinding	-0.32
mine	1.11
add	0.22
tool	0.18
impressed	-0.71
viable	0.54
winning	0.33
herbal	0.43
conditions	-1.25
shocked	-1.52
positions	-0.27
proud	1.17
beige	0.61
challenges	-0.98
stream	0.06
youthful	1.8
arranged	0.76
claire	0.93
flag	0.54
sir	1.0
overgrown	0.26
clever	0.38
quarterback	0.04
became	-0.49
sunday	0.76
peripheral	-0.06
sudden	-1.355
simultaneously	0.31
times	-0.01
adding	-0.08
whereas	0.35
miss	1.42
suitable	2.38
eccentric	-0.43
pope	0.03
loss	-1.33
bearded	0.47
fail	-0.03
stage	0.88
filling	0.27
prisoners	-0.82
detail	-0.03
rang	-0.16
crude	-1.85
welcome	2.49
junior	-0.060000000000000005
plates	0.93
germany	-0.17
roads	-0.2
kelly	0.58
violence	-1.62
steamed	0.85
affirmative	-0.36
equally	-0.27
took	0.0
hogan	-0.41
pentagon	-0.18
portable	0.38
featured	0.25
began	0.08
stared	0.07
faith	0.45
hazardous	-0.83
excuse	0.32
chapter	-0.29
network	0.12
stronger	0.16
final	0.89
lonely	-2.565
las	0.65
kinds	-0.79
ailing	-0.15
reporting	-0.07
feeble	-1.5
yesterday	0.65
theoretical	0.11
worthwhile	0.64
traveling	-0.64
freckled	1.23
racial	-0.905
authority	-0.23
listened	0.0
briefly	-0.15
upcoming	0.36
television	0.08
style	1.35
seated	0.08
enemies	-1.71
manhattan	0.07
empire	-0.74
white	0.7949999999999999
pakistan	-0.91
brisk	0.74
want	0.07
instead	-0.26
register	0.41
granted	0.12
existed	-0.41
sunken	0.34
mixed	-1.4
compelling	0.09
insisted	-1.8
unwilling	-0.13
work	0.4
sport	0.27
factor	0.54
dough	0.37
barry	0.32
profound	-0.76
attempt	-0.04
wrap	0.35
ornate	0.54
kill	-0.71
break	-0.02
inevitable	-2.0
leftover	0.31
stepped	0.03
stephen	0.39
berkeley	0.07
sheriff	-0.34
discussion	0.01
somewhere	-0.07
criticism	-0.93
clothes	0.02
destructive	-1.12
parties	1.41
unexpected	-0.41000000000000003
outer	0.08
shade	-0.1
weather	0.39
forehead	0.26
terrible	-2.995
rebecca	0.52
struggle	0.04
remote	-0.495
hills	0.08
understanding	0.05
eliot	-0.45
northwestern	-0.12
losing	-0.17
adverse	-1.05
bobby	0.13
wicked	-0.76
enjoyed	1.22
promised	-0.3
due	-0.88
acquired	0.45
expand	-0.35
tone	0.91
bent	0.18
knight	-0.85
paul	0.4
tactical	-0.16
errant	-1.33
raises	-0.02
disappear	-0.08
options	0.11
teeth	-0.49
hottest	0.37
panic	-0.93
guess	0.91
invited	0.45
sell	0.21
shining	0.27
immigrants	-1.14
confusing	-1.13
issues	-0.52
ii	0.11
models	0.34
receiving	0.03
thousands	-0.62
knew	-1.09
abnormal	-0.34
fortified	0.2
excess	0.24
forbidding	-0.57
smart	0.94
entire	0.015
newspaper	0.14
horrific	-2.83
principles	0.24
wholesale	-0.02
breakfast	-0.47
hint	0.11
incoming	-0.02
listed	-0.06
required	-0.06
products	0.07
shady	0.07
explore	0.27
excited	-0.475
cap	0.33
wife	1.23
sharply	-0.53
acres	0.53
powerful	-0.92
understand	0.2
war	-0.69
unacceptable	-0.8
voluntary	0.16
budding	0.51
concert	0.81
recreational	-0.99
analysts	0.18
lunar	-0.1
artistic	0.23
individuals	-0.93
deliver	0.04
eligible	0.93
west	-0.14
britain	0.2
laughing	-0.07
extent	-0.02
survival	-0.8
pitch	-0.43
carpet	0.05
brown	1.0
progressive	-0.33
golf	0.13
control	0.36
selective	0.0
classic	2.235
product	0.58
festival	1.45
rarely	-0.05
celebrity	0.75
scored	0.6
homeless	-2.07
thirteen	0.04
brazilian	0.04
unemployed	-1.6
dear	1.15
soldiers	-0.53
anybody	-0.04
parade	1.59
parental	0.12
whisper	0.06
words	0.43
educational	-0.005
graham	0.41
engineering	0.07
athletic	1.1749999999999998
mg	0.0
servants	0.08
lousy	-1.03
consequences	-1.26
earn	0.6
call	0.29
carried	0.04
admitted	-2.27
surgery	-0.44
forgot	-1.74
member	0.17
corridor	-0.2
monumental	0.11
philadelphia	0.01
bottles	-0.6
foot	0.26
domestic	-0.45499999999999996
healing	-0.98
nerve	-0.85
sidebar	1.38
harry	0.32
point	-0.04
verbal	-0.34
painful	-3.1799999999999997
serve	0.21
tells	0.12
hard	0.185
inherent	-0.24
prayer	0.14
pursuit	0.71
lap	0.28
senate	0.16
witty	1.82
blood	-0.73
chemicals	-0.57
females	0.4
ages	0.61
rewarding	1.19
instruments	0.39
counted	-1.24
means	0.02
staying	-0.38
side	0.14
real	0.31999999999999995
multiple	-0.32499999999999996
tables	0.24
phone	0.19
ridiculous	-2.0
centers	-0.79
persons	-0.75
makes	-0.49
topic	-0.01
politics	0.07
valley	0.0
deserted	-0.08
creamy	1.04
memories	-0.33
feeding	-0.97
written	0.17
lover	2.04
cells	-0.44
beating	0.45
beat	0.68
spooky	-0.7
aircraft	-0.58
minority	-2.43
films	0.15
future	0.31
touched	0.41
wheel	0.11
certified	-0.04
aids	-0.87
luxury	0.175
subjective	-0.32
modest	0.8600000000000001
joined	0.22
raised	0.28
young	0.185
hardly	-0.24
lately	-1.41
russian	0.045
guilt	-0.39
crushed	-0.0
satisfying	1.97
trusted	0.04
trap	-1.27
capture	-0.67
series	0.04
fifteen	0.04
swinging	0.11
crowd	0.32
corners	0.16
eating	-0.43
those	-0.38
florida	-0.31
gloomy	-0.29
either	-0.19
funky	0.43
damp	-0.465
comic	0.29
worthy	0.87
thomas	0.36
regal	1.43
struggled	-0.2
hallway	-0.33
simon	0.55
insufficient	-0.28
bin	-2.05
definite	-0.15
windows	-0.04
exquisite	2.48
treated	-0.57
schools	-0.66
term	-0.05
known	-0.3
grinned	0.5
gloved	-1.14
calling	-0.09
give	0.13
breath	-1.02
skinny	-0.010000000000000009
site	0.19
religion	0.17
pakistani	-0.25
billion	0.42
abby	0.64
forgotten	-0.91
besides	-0.38
running	0.27
ones	0.11
problematic	-0.45
emotion	0.02
holes	0.06
gordon	0.06
near	0.1
supporting	-0.27
america	-0.34
alien	-1.7650000000000001
informed	0.23
mainly	-0.34
jenny	0.71
illegal	-0.875
julia	0.67
tabloid	-0.17
alarming	-1.82
personality	0.45
truman	0.54
juicy	1.17
street	0.1
responsible	-0.31499999999999995
unbelievable	-1.46
respective	-0.21
apples	0.59
yet	-0.15
barely	-0.27
mashed	0.61
roughly	0.09
mama	1.0
smiles	0.59
according	-0.04
returned	0.14
congressional	0.045
situations	-2.75
actual	-0.34500000000000003
russia	-0.22
door	-0.27
spiritual	0.07500000000000001
remembers	-0.21
across	0.32
record	0.69
optimistic	1.44
sea	-0.13
surface	0.61
shall	0.77
tanned	1.31
generation	0.67
comparable	0.34
neutral	0.03
fully	-0.24
everywhere	-1.74
speaks	0.53
unknown	-0.425
female	0.365
effective	0.7
deadly	-1.855
power	-0.22
legislative	-0.13
interrupted	-0.28
pickup	-0.01
resting	0.17
smoky	1.08
magic	-1.59
harris	-0.47
childish	-0.55
emphasis	0.07
christians	0.19
europe	-0.25
board	0.01
parallel	-0.0
devastating	-1.87
core	0.54
ceremonial	-0.55
communication	0.7
bastard	-0.98
pond	0.17
groups	-0.56
negative	-0.515
limp	-0.23
julie	0.91
roasting	0.9
nursing	-0.54
thrust	0.04
eclectic	0.87
put	0.1
shorter	0.365
branch	0.0
walter	0.32
diego	0.11
knock	-0.32
cameras	0.07
filled	-0.63
saving	0.34
slice	0.11
situation	-1.31
examined	-0.09
seat	0.1
wilson	0.11
map	0.16
struck	-0.76
puts	0.08
plush	1.19
muddy	-0.24
canada	-0.21
empirical	-0.14
embarrassed	-1.23
flimsy	-0.4
suffering	-2.39
money	0.39
load	0.02
loving	1.9700000000000002
hoping	-0.29
crisp	1.0
twist	-0.13
assume	0.05
permission	0.16
died	0.72
step	0.06
promise	0.64
procedure	-0.15
toasted	0.26
spinal	-0.93
jacob	0.3
thinner	0.37
cousin	1.4
pen	0.16
tribal	-0.18
speak	0.21
brian	0.31
disastrous	-1.99
weapon	-0.94
evolutionary	-0.22
ceiling	-0.06
punch	-0.47
links	-0.11
grows	-0.21
volatile	-0.51
guilty	-1.46
percent	0.14
achieve	0.53
poorest	-0.62
notebook	0.18
spray	-0.03
especially	-0.08
reveal	0.34
rude	-0.42
sending	0.08
creating	0.39
collect	0.11
booth	-0.05
elaborate	0.09
stopping	0.02
ranks	0.45
charles	0.45
banks	0.6
locked	-0.09
static	-0.2
soft	1.44
anything	-0.14
closed	-0.09
reaches	0.01
belong	-2.07
vegas	0.22
increasingly	-1.34
richer	0.16
tracks	0.05
driver	-0.06
unsuccessful	-0.49
turning	0.24
rack	0.3
cape	0.4
thighs	0.25
faced	-2.93
entered	-0.06
experts	-0.15
telling	0.49
shoe	0.14
musicians	0.95
minor	-2.125
begun	0.01
blind	-1.3250000000000002
rippling	0.84
virtual	-0.49
games	0.34
likely	0.275
underground	0.11
identical	-0.08
fault	-2.62
colleges	-0.06
expect	0.3
coordinated	0.31
ship	-0.05
funny	-0.305
thinking	-0.02
increasing	-0.015
surprising	0.03500000000000003
loudly	-0.3
hers	0.81
spirits	-1.5
changing	-1.33
patients	-0.54
tour	-0.28
normally	0.47
seasons	0.31
marble	0.23
passing	0.05
pretty	1.32
grizzly	-0.47
deaf	-0.82
exposure	-0.58
truck	-0.04
eighteen	0.22
enthusiasm	0.9
narrow	0.215
symbol	0.98
clear	0.8049999999999999
fiery	-1.57
darling	2.08
forget	0.45
systematic	0.07
lacy	0.73
angeles	-0.11
watched	0.0
avner	0.33
debt	0.53
jumping	-0.19
edward	0.46
mom	1.25
ticket	0.32
mount	0.21
problem	-0.88
cause	-1.2
shame	-2.17
gary	0.41
uncertain	-0.86
visited	-0.19
pastel	0.47
ratings	0.72
scientific	0.0
fred	0.59
y	0.64
cigarettes	-1.73
spooner	-0.39
subject	-0.1
geographical	-0.08
generations	0.23
calories	-0.02
avoid	-0.85
farms	-0.65
cozy	2.08
strategy	0.03
night	-0.09
stanley	0.53
language	0.42
water	-0.23
office	-0.09
softly	0.1
bottled	0.69
constant	-0.49
miami	0.03
knocked	-0.73
pray	-0.15
sharon	-0.06
elements	0.32
uniform	0.47
post	0.1
fork	0.77
grasp	0.05
patterns	0.14
trim	1.47
sculpted	1.29
increase	-0.11
phase	-0.04
issued	-0.01
smell	-2.26
elite	-0.36
pilot	-0.47
goofy	0.3
ann	0.98
industrial	-0.27
easily	0.1
intellectual	0.175
earth	-0.1
jack	0.53
noon	0.57
conference	0.04
angry	-1.9699999999999998
creature	-2.39
giddy	-1.01
wealth	0.95
classroom	0.23
notable	0.24
procedures	0.2
mile	0.03
electronic	0.11
influential	0.04
views	0.38
cabin	-0.01
irregular	-0.34
larger	0.245
rugged	0.39
ought	0.0
memorial	0.93
restless	-1.54
celebrate	2.39
carved	0.22
thursday	0.69
postwar	-0.03
usa	0.07
hurried	-0.11
jaw	0.41
analysis	0.08
feature	1.09
parent	0.69
mobile	0.28
crane	0.09
spreading	-0.63
sandwich	-0.21
spread	-0.51
finds	0.05
pungent	-1.13
suppose	0.19
brightest	0.44
alone	-0.65
fbi	-0.03
dna	-0.19
curve	1.42
safety	-0.07
larry	0.32
demanded	-0.63
technical	0.1
footsteps	-0.47
smile	0.76
indicate	-0.05
mothers	0.53
breaking	0.03
poetic	0.01
unhealthy	-0.47
memorable	0.61
bonds	1.05
silky	1.12
blend	0.61
wears	0.6
william	0.46
blonde	1.545
lowest	-0.2
previous	0.060000000000000005
opened	-0.07
leadership	-0.27
amateur	1.54
going	0.35
uneasy	-1.16
meaningless	-0.54
thousand	0.02
knee	0.3
feet	0.15
temperature	0.35
forcing	-0.05
possibility	-1.0
most	-0.35
killing	-1.31
tender	0.7000000000000001
bleak	-0.84
georgia	-0.34
incomplete	0.16
public	-0.060000000000000005
frontal	-0.28
bankrupt	-0.54
writer	0.3
stormy	0.12
purchase	0.24
tighter	0.29
perry	0.54
christ	0.13
prime	0.64
dollars	0.24
hour	0.19
injury	-1.6
scene	-1.16
stay	-0.04
concerns	-0.9
spend	0.56
comfort	1.74
assets	1.1
college	0.15
forth	0.49
neighborhood	-0.14
glazed	0.21
nude	0.85
trying	-0.04
forensic	-0.14
gulf	-0.47
interior	1.18
salmon	-0.1
spot	-0.03
hired	0.25
cake	0.4
visits	0.12
charge	-0.49
representative	0.1
special	0.27999999999999997
law	-0.17
presence	0.15
assumed	-0.37
shaped	1.28
icy	0.0
opens	0.02
overweight	0.45
coach	0.3
officer	-0.08
accounting	0.17
trading	0.83
corbin	-0.14
stairs	-0.26
tongue	0.26
suggests	-0.14
machines	0.19
wrinkled	0.06
hero	-0.82
sullen	-0.91
touch	0.61
treasured	1.62
squad	-0.38
floors	0.08
jennifer	0.64
moral	-0.22
history	0.08
jordan	0.56
stuck	0.1
arrogant	-0.97
maggie	0.89
modern	0.20500000000000002
closely	-0.67
variety	-0.76
definition	-1.07
maybe	0.18
grade	0.36
dog	-1.54
version	0.66
occupied	-0.29
level	0.2
son	0.93
shoot	-0.58
hunters	-0.56
centuries	0.13
choice	-0.02
blown	0.12
distinct	-0.25
liberal	0.14500000000000002
synchronized	0.53
safest	0.85
dwindling	-0.06
column	0.09
race	-0.61
acts	-2.48
opportunities	-0.06
outspoken	0.05
added	-0.52
husky	0.56
preliminary	0.06
andrew	0.5
therapeutic	0.02
wallet	0.23
braided	0.79
drive	-0.06
hits	0.04
alive	1.04
ethical	-0.09
bustling	0.02
jerry	0.38
tremendous	0.13
cards	0.58
leading	-0.13
pride	0.73
spending	0.38
cents	0.32
chairman	0.22
matching	0.58
mars	-0.06
otherwise	-0.13
ad	0.61
makeshift	-0.65
unable	-0.09
unaware	-0.63
wound	-1.52
iii	0.46
taste	-0.95
racing	-0.76
approximately	0.08
social	-0.185
winner	0.83
republicans	0.29
affect	-0.6
rose	0.89
africa	-0.34
church	0.3
stretch	0.28
nasa	-0.1
careless	-0.6
lawn	0.74
shakes	0.11
standardized	0.15
worrying	-1.39
endless	-0.375
operative	-0.1
familiar	-0.62
waning	0.04
presents	0.35
jay	-0.84
diminutive	0.63
advanced	0.05
collaborative	0.53
lying	-0.17
layered	0.04
illusion	-0.17
spoke	0.24
acclaimed	0.49
chemical	-0.605
counter	-0.09
deck	0.01
northern	-0.495
device	0.09
smoke	-1.63
productive	0.56
companies	0.32
concerned	-1.155
blame	-2.59
associate	0.16
grieving	-0.81
inexplicable	-1.47
picked	0.08
brush	0.13
wanting	-0.02
bond	1.33
evangelical	0.58
radical	-0.06
raw	-0.33999999999999997
discipline	0.23
initial	-0.22499999999999998
june	0.75
common	-0.015000000000000013
naked	-0.31
claims	-0.17
stale	-1.53
avid	0.21
douglas	0.18
farther	-0.07
harvard	0.09
linda	0.64
roosevelt	0.76
colorful	0.475
long	0.8200000000000001
create	0.2
forty	0.03
latest	0.5700000000000001
values	0.42
clients	0.48
ultimate	0.08000000000000002
surgical	-0.67
unmarked	0.27
grace	1.18
entertainment	0.23
powers	-1.92
contradictory	-1.01
lighter	0.07
weight	0.52
teach	0.11
silence	0.04
digital	0.07
birth	1.12
exercise	0.17
sad	-1.1500000000000001
files	0.15
breaks	-0.04
tend	-0.18
assigned	-0.11
september	0.68
saddam	-1.05
fiber	-0.32
behind	0.07
baked	1.05
brave	0.27
susan	0.74
skill	-0.26
jason	0.54
mammoth	0.32
frightened	-1.85
accountable	-0.4
personally	-0.03
rules	-0.01
season	0.36
collapse	-1.21
replied	0.37
mayor	-0.07
boost	0.13
garden	0.93
built	0.05
finance	0.55
copyright	-0.2
seasoned	0.19
radio	0.18
cabinet	-0.01
pack	-0.38
customer	0.51
brittle	-0.55
regime	-0.32
relaxed	1.85
harmless	-0.98
package	0.53
japanese	0.06
replace	-0.16
dignity	1.12
pants	0.52
happening	0.03
altogether	-0.43
campaign	0.36
serving	0.16
perceived	0.06
drinks	-1.34
face	0.37
opportunity	0.31
attentive	1.02
feminist	-0.07
palestinian	-0.02
exact	1.135
glow	-0.14
detective	-0.43
ragged	-2.07
glance	-0.1
decide	0.01
rounds	-0.38
solar	0.05
falling	-0.07
polished	0.6799999999999999
ourselves	-0.0
re	-2.6
diversity	-0.15
move	0.09
pious	0.13
north	-0.26
waste	-0.08
perennial	0.12
boring	-1.635
jeff	0.38
seven	-0.05
chipped	-0.06
fantastic	0.45
tore	-0.2
opposed	-0.63
closer	-0.02
million	0.21
return	0.51
celestial	0.41
diamond	0.95
ankle	-0.12
traditional	0.715
fires	-0.98
blond	1.37
ole	-0.26
later	0.16
schedule	0.18
wait	0.4
convenient	1.79
transportation	-0.7
comments	-0.23
attempted	-0.18
keeps	0.29
coherent	0.02
expert	0.24
respiratory	-0.77
officers	-0.11
de	0.65
movie	0.3
depression	-1.03
huge	0.375
steel	0.83
investigation	-0.62
organic	0.15500000000000003
wanted	-0.35
goddamned	-1.38
bath	-0.08
continue	0.01
continuing	-0.65
receiver	0.11
atmospheric	0.12
glad	1.9849999999999999
rotting	-0.58
informal	0.41
suggest	-0.09
whole	-1.4
whoever	-1.36
shattering	-0.61
else	-0.1
governor	0.12
holding	0.1
lanky	1.01
mystery	0.13
clock	-0.12
clean	-0.125
believed	0.45
sheet	0.18
lunch	0.17
shaking	0.14
video	0.18
bloody	-2.12
lucrative	0.17
burgeoning	-0.07
tough	-0.42500000000000004
burns	-1.91
fields	-0.1
soviet	-0.36
function	0.58
democratic	0.22999999999999998
muscle	0.05
wool	0.48
heat	0.65
dave	0.39
morning	0.69
lingering	-1.69
sunny	1.7149999999999999
reed	0.25
chilly	0.29
wings	-1.03
engaged	0.37
taylor	0.62
focus	-0.1
pure	0.235
carlos	0.01
steps	-0.06
impression	-0.4
ski	0.94
math	0.21
blues	0.93
humiliating	-2.19
olive	0.235
ingredients	0.23
journal	0.05
judicial	-0.31
loyal	0.85
observed	-1.02
orbital	0.01
hotter	0.31
secret	1.035
spring	1.17
obese	0.97
wherever	-0.31
legacy	1.01
weekly	0.060000000000000005
chronic	-1.2
apart	0.61
drove	-0.05
properly	0.44
mainstream	-0.18
ceramic	0.53
practices	0.16
shoes	0.48
children	0.48
beautiful	2.9
china	-0.28
devices	0.18
conducted	0.08
sound	-0.86
dinner	0.91
tuesday	0.66
stately	1.81
embrace	1.8
cleared	0.05
exclusive	0.34
alexander	0.02
stress	-0.88
horizon	-0.17
frantic	-0.96
license	0.16
beaded	0.35
compatible	0.75
feel	-1.07
tedious	-0.67
ongoing	-0.285
afghan	-0.14
forest	-0.02
recalled	-0.37
closest	0.3
palm	0.42
aimed	-0.98
fortunately	0.03
having	0.67
terrorists	-1.2
communist	-0.28
delay	0.04
grazing	-0.09
governments	-0.04
specific	0.035
singing	0.5
nuts	-0.08
impact	-0.11
horizontal	-0.3
home	0.75
max	0.17
hall	-0.15
own	0.93
nutrition	0.12
events	-2.85
sleep	-0.62
meet	0.77
responsive	1.03
label	0.52
bloated	-1.0
push	-0.31
tube	0.13
cell	-0.0
1980s	-0.15
circle	-0.27
visiting	-0.04
great	1.505
martial	0.26
merry	1.44
formed	0.6
mighty	0.38
chose	-0.0
oval	1.96
sergeant	-0.1
embroidered	0.52
cheese	0.01
silk	0.77
jared	-1.25
remain	-0.28
removed	0.09
consider	-0.22
wrong	-0.495
trivial	-0.92
iowa	-0.29
fog	-0.5
futile	-0.7
every	-0.26
playing	0.63
structured	1.12
babies	0.34
vehicle	-0.05
native	0.0050000000000000044
abs	0.58
utility	0.01
massive	0.185
meticulous	0.19
accessible	1.06
concrete	0.25
communications	0.23
comfortable	2.3
spare	-0.035
lame	-0.31
peter	0.45
secular	0.11
bitter	-2.105
masters	0.18
sense	0.1
blank	-0.145
channel	0.09
california	-0.11
distance	-0.38
snow	0.05
simple	0.77
december	0.69
athletes	0.29
jolly	1.41
hung	0.24
computers	0.2
takes	0.03
mercury	0.01
noticeable	-0.1
realized	-0.49
slight	0.8
pie	0.59
mysterious	-0.495
gigantic	-1.18
doctors	-0.42
crushing	-1.66
doors	-0.18
elusive	0.02
waving	0.13
gently	1.13
shows	0.1
presbyterian	1.58
ridge	0.13
being	-0.18
arts	0.99
eyes	0.19
bureaucratic	-0.2
books	0.17
soccer	0.44
battle	-0.87
emerging	0.01
sassy	0.03
ample	-0.97
servings	-0.02
habits	-0.04
toes	0.26
play	0.45
discovery	0.09
staggering	-0.09
aaron	-0.32
per	0.13
charitable	0.24
oily	-0.12
none	-0.1
structures	0.24
residual	-0.16
difficult	-0.37
pouring	-0.57
extensive	0.23
born	0.95
dance	0.94
pregnancy	0.72
chicken	-0.05
reply	0.76
serial	-0.56
mother	1.2
examples	-0.51
sliced	-0.45
pacific	-0.29
tower	0.15
nice	2.21
multicultural	0.94
flash	-0.23
strongest	-1.13
broken	-0.485
assured	0.42
tension	-0.53
weak	-2.76
goes	0.07
city	-0.2
vehicles	-0.12
introductory	-0.36
everyone	0.13
breathe	-0.97
shut	-0.58
partners	0.68
building	0.04
dropping	0.14
name	0.72
chinese	-0.155
inspiring	0.38
slide	0.12
absolute	-1.435
behavioral	-0.3
certainly	-0.11
studied	-0.04
upset	-2.3
thought	-0.19
overall	1.565
notion	0.04
orleans	-0.42
fundamental	0.095
disciplined	0.42
commerce	0.02
phones	0.16
landscape	0.1
tablespoon	0.23
walking	0.03
thicker	0.4
marketing	0.35
irrational	-0.98
role	0.43
project	-0.08
scores	0.78
examine	-0.01
offering	0.52
talent	0.76
aged	0.01
happiest	2.28
modified	0.25
committee	0.09
extraordinary	1.2
enduring	-0.31
walked	-0.02
shifting	-0.39
bay	-0.01
backs	0.03
majority	-0.53
hardened	-0.49
waist	1.05
residents	-1.25
brushed	0.15
marry	2.06
danger	-1.08
therefore	-0.36
definitive	0.04
expected	-0.05
accept	0.72
engines	-0.31
consciousness	-0.41
1960s	0.09
towel	-0.5
pointing	0.45
government	-0.15
don	0.28
nurses	-0.27
sober	0.31
curt	0.24
washed	-0.91
dressed	1.04
stewart	0.18
romance	1.92
hoarse	-0.61
ambitious	-0.09
result	-1.16
set	0.24
tourists	0.09
sighed	0.14
porch	0.03
shrill	-0.35
baltimore	-0.14
licensed	0.04
indifferent	-1.92
f	0.57
squeezed	0.15
suddenly	-1.64
dreamed	-0.19
toy	0.5
fleet	-0.21
cancer	-0.62
dana	0.67
currently	-0.49
pills	-0.52
determined	-0.04
regular	-0.004999999999999999
hunger	-1.08
campus	0.1
drunken	-1.08
jeans	0.58
educated	0.52
plan	0.05
anniversary	1.7
inch	0.41
prescott	0.75
epic	0.2
rock	0.78
job	1.24
immediately	-0.37
lightly	0.8
grandmother	1.21
trained	-0.18
save	0.04
quite	0.14
following	0.13
letters	0.26
elizabeth	1.14
flowers	1.26
involved	-0.81
explosive	-0.6
mundane	-1.7
graduate	0.15
twisted	0.1
week	0.56
tales	-0.5
compassionate	0.97
santa	0.18
surrounding	-0.73
moreover	-0.6
waved	0.4
statewide	-0.11
dress	0.79
bars	-0.18
miserable	-2.57
example	-0.16
sake	0.69
analyst	0.42
quaint	0.54
drinking	-1.27
primitive	-1.71
bar	-0.47
grabs	-0.0
impossible	0.23500000000000001
constitution	0.05
astonished	-0.57
obviously	-0.21
legs	0.26
charged	-1.03
cigarette	-1.25
sturdy	1.17
guys	0.62
heel	0.56
dennis	0.11
grilled	0.96
lighted	0.11
gray	0.855
decisive	0.05
plane	-0.73
significantly	0.33
political	0.05499999999999999
furniture	0.49
asked	-0.05
unwanted	-0.29
music	0.95
promising	0.67
probably	0.06
obsolete	-0.43
outdoor	0.8
agricultural	-0.12
imposing	0.07
gradually	0.01
radiation	-0.17
interest	0.52
decade	0.1
fear	-0.22
muttered	0.13
lateral	-0.3
fool	-1.68
tunnel	-0.12
married	1.295
lives	-0.41
audible	-0.41
popped	-0.1
hiding	0.06
harsh	-2.3
text	0.2
corps	-0.16
spun	-0.2
pattern	-0.34
date	1.41
uses	0.19
supreme	0.035
single	0.605
skip	0.41
persistent	-0.97
read	0.16
highly	-0.67
short	1.1
trial	-0.81
amusing	-0.53
proved	-0.43
phipps	0.96
thermal	-0.01
failing	-0.42
sloppy	-0.18
image	-0.16
persian	0.15
ensure	0.57
pragmatic	0.53
shots	-0.43
enjoying	2.29
soy	0.43
folding	0.55
service	0.24
psychiatric	-0.25
smith	0.35
climb	0.21
isabel	0.46
energetic	0.74
continuous	-0.14
roasted	1.02
fortune	0.45
unlikely	0.965
accounts	0.74
directly	-0.12
rough	-0.405
bizarre	-2.09
chilling	-1.09
rage	-0.21
brand	0.41
beauty	2.45
howard	0.27
crying	-1.17
practical	0.43
fruits	-0.26
accused	-1.5
allen	0.4
alex	0.53
aspects	-0.81
successfully	-0.27
fears	-0.39
suicidal	-0.72
pained	-0.4
uncomfortable	-1.525
turner	0.36
sheep	-0.88
races	-0.72
players	0.37
moody	-0.65
spatial	-0.13
intuitive	-0.1
showed	-0.07
online	0.215
reproductive	-0.32
promote	-0.19
tested	0.17
israel	0.16
dreamy	0.32
bruce	0.12
jimmy	-0.09
cleveland	-0.13
patriotic	0.4
helping	-0.06
paranoid	-1.71
revealing	0.78
helpful	1.56
here	0.44
neck	0.35
covered	0.21
club	0.3
straightforward	0.77
morris	0.24
slippery	-0.27
small	0.10000000000000003
answer	0.07
ahead	0.11
gods	-1.7
relax	0.68
rank	-0.18
dangerous	-1.84
lofty	0.58
steal	-0.64
cow	-0.85
features	1.79
kissed	0.96
amid	0.37
punishment	-2.1
describe	-0.43
count	-0.61
provocative	-0.03
nightly	0.01
tablespoons	0.14
juvenile	-0.65
trigger	-0.6
folded	0.11
planetary	0.05
minnesota	0.01
moved	0.11
chopped	-0.05
maintenance	-0.05
announced	0.08
coaches	0.37
shot	-0.57
gravel	0.21
option	0.4
literary	0.2
lip	0.22
parts	-0.22
railroad	-0.04
cooking	0.04
balding	0.96
knows	0.27
firing	-0.6
despite	-0.12
smarter	0.4
intimidating	-0.19
wake	-0.81
lasting	-0.66
planning	0.08
d	0.57
machine	-0.13
forthcoming	1.82
partner	1.4
slapped	0.04
kick	-0.14
nose	0.19
suburban	-0.45499999999999996
societal	-0.16
quiet	1.5
vision	-0.03
rome	-0.66
methodist	1.65
italy	-0.25
agree	-0.08
occur	-1.67
lifted	0.14
furry	0.14
scarlet	0.71
japan	-0.17
unprepared	-1.09
lush	1.87
contains	-0.09
batman	0.04
waters	-0.13
childhood	0.63
odds	0.23
international	-0.05500000000000001
itself	-0.28
arizona	-0.25
pillow	0.01
agnes	0.84
stated	-0.66
classical	0.22
selection	-0.2
hook	0.02
logical	-0.12
movements	0.09
east	-0.19
shelter	-0.43
total	-0.405
mail	0.23
destroy	-1.09
cover	0.32
investigative	-0.11
enchanted	1.14
quietly	-0.21
manner	1.22
dishes	-0.07
providing	-0.03
mistakes	-2.33
tea	-0.58
moon	-0.07
protest	-1.72
bacterial	-1.2
mating	-0.39
almighty	0.54
shit	-0.77
towns	-1.07
paved	0.0
sacrifice	1.55
decision	-0.14
animated	-0.0
book	0.16
found	-0.12
regardless	0.23
shabby	0.63
hazy	-0.11
cd	0.86
gruesome	-1.93
darkness	-0.26
technological	-0.23
respectable	1.7
basically	-0.64
quit	-0.68
turkey	-0.29
sooner	-0.25
hushed	-0.03
terms	-0.6
morgan	0.65
talked	-1.03
teachers	0.29
shouted	-0.0
dish	0.31
important	1.3
seed	0.54
ends	0.35
shaky	-1.55
cavernous	0.29
strategic	-0.18
hopes	0.6
degree	0.19
hooded	0.19
trend	-0.2
widely	-0.23
offered	0.14
positive	0.22
treat	-0.85
rambling	0.69
universities	0.04
supported	-0.14
preschool	0.24
cars	-0.11
draw	-0.08
radioactive	-0.76
territory	-0.39
devoted	0.35
buildings	-0.58
finally	-0.33
item	0.41
headquarters	-0.13
element	0.2
ranch	0.03
among	0.13
cab	0.12
charred	-0.41
robotic	0.02
tail	-1.4
bench	0.02
chair	0.15
mild	0.375
impoverished	-1.79
state	-0.3
hat	0.38
waiting	-0.02
dazzling	0.72
immortal	-1.15
part	-0.11
computer	0.15
kicked	-0.06
chunky	0.67
journey	0.0
director	0.28
twins	0.8
rectangular	0.36
related	-0.3
incident	-2.42
graduated	0.15
unprecedented	-0.92
valid	0.09
tan	1.08
ben	0.5
weapons	-1.03
confidential	0.7
le	0.68
expectations	0.05
burning	-0.935
marriage	2.51
sector	-0.07
literal	-0.21
glanced	0.08
possible	0.525
fly	-0.76
frosted	0.76
draft	0.29
rest	0.23
entry	0.22
father	1.03
profitable	0.22
stopped	-0.13
using	0.08
breasts	0.5
energy	0.03
price	0.71
cuts	0.04
exist	-0.29
joint	-0.45999999999999996
seasonal	0.31
quarter	0.33
mirror	-0.06
concepts	-0.01
irritating	-1.66
vivid	-0.64
enters	0.09
occasional	-1.94
change	-0.67
portion	0.35
b	0.57
detached	0.7
curb	-0.08
pounding	-0.22
painting	0.49
rows	0.4
came	-0.07
optimal	1.51
electric	0.0
instance	-0.09
destruction	-2.95
responded	-0.03
pearl	-0.09
household	-0.11
instantly	-0.71
wives	0.64
hearts	0.86
scheduled	0.52
tangible	-0.02
advice	0.41
zone	-0.4
located	-0.03
field	0.3
ate	-0.62
question	-0.26
form	-0.07
attacks	-1.46
hesitated	0.05
calming	1.33
tentative	0.66
decades	0.16
frame	1.29
recognized	-0.5
daddy	0.76
things	-0.21
himself	-0.49
problems	-1.03
finish	0.31
risky	-0.82
employed	0.0
wayne	0.08
saved	0.75
respectful	0.88
track	0.11
accent	1.73
page	0.37
tools	0.21
aunt	1.33
addition	-0.03
company	0.41
stolen	-0.08
boss	0.46
hybrid	0.5
romantic	2.14
replaced	-0.24
succeeding	-0.01
dynamic	0.38
disaster	-2.12
anywhere	-0.06
okay	1.05
maximum	0.225
mozart	0.95
thick	0.645
straight	0.48
planet	-0.11
pharmaceutical	-0.25
encouraged	-0.05
canadian	0.13
approval	0.48
lets	-0.04
paramount	0.2
civic	-0.11
poem	0.23
voice	0.11
clerk	0.47
baseball	0.18
named	0.74
mix	-0.1
buck	-0.35
breeze	-0.25
phrase	0.31
gear	0.2
shy	0.125
wood	0.16
dirty	-1.5699999999999998
black	0.7
hannah	1.22
ryan	0.04
legislation	-0.09
barefoot	-0.12
lined	0.35
extinct	0.09
sides	0.29
teenagers	0.3
enough	0.2
bottom	0.24
regard	-0.22
extravagant	-0.15
metal	0.31
enjoyable	2.1
gym	0.22
dressing	0.14
bush	0.19
scott	0.38
ability	-0.03
needed	-0.11
reception	1.36
crystal	1.01
men	0.8
sensory	-0.7
living	-1.62
abrupt	-0.83
dire	-2.62
curved	0.68
beast	-2.47
premature	-0.34
desire	1.35
editorial	-0.68
hip	0.41
bare	-0.30000000000000004
jury	-0.64
choose	0.36
inadequate	-0.53
chairs	0.87
evelyn	0.93
right	1.35
art	0.92
peaceful	2.22
italian	0.5549999999999999
unofficial	-0.24
album	0.9
aging	-1.875
fallen	-0.1
superior	0.995
unchanged	0.14
framed	0.64
incredible	1.395
mere	-0.58
aspect	0.46
biological	-0.66
slaves	-0.53
historical	-0.305
getting	-0.17
inconsistent	-1.11
drawn	-0.08
vegetable	0.15
murmured	0.48
papa	1.16
passed	-0.08
shock	-0.67
prestigious	0.42
cottage	1.1
football	0.41
cookies	0.72
mud	-0.35
feared	-1.62
making	0.02
awards	0.88
winter	0.77
easiest	0.51
end	0.42
symbolic	-0.05
grove	0.79
fair	1.31
radiant	0.7
tip	0.2
sang	0.2
reflection	-0.18
historic	0.405
decisions	-0.54
atmosphere	0.07
culinary	0.66
agent	0.6
duncan	-0.45
flying	-0.85
failed	-0.09
broader	0.16
alternating	0.06
looks	0.04
garlic	0.01
kids	0.6
grimy	-0.57
democracy	0.36
colleagues	0.49
plump	2.04
irresponsible	-1.7
singular	0.1
plays	0.66
swift	0.28500000000000003
string	0.68
property	0.18
harm	-1.68
frequently	-0.31
gradual	-0.47
workers	-0.41
guiding	-0.43
chicago	-0.06
swedish	0.35
trees	0.79
farmer	0.01
anderson	0.96
county	-0.24
johnson	0.38
sentimental	-0.18
ubiquitous	-0.15
explicit	-0.33
twenty	0.03
longtime	0.6000000000000001
lose	0.42
charismatic	0.63
newborn	-0.36
bland	1.07
declined	-0.64
believe	0.25
orders	-0.13
adolescent	0.05
largely	-0.33
won	0.53
barn	0.18
snug	0.95
tragic	-3.15
candidate	0.26
dropped	0.03
man	0.27
leafy	0.04
readers	0.18
unthinkable	-0.59
child	0.79
comedy	0.65
showing	0.29
ten	0.01
better	0.06
nights	-0.03
courses	0.19
1970s	-0.07
softer	0.54
garbage	-0.65
relationships	1.61
library	0.16
chubby	0.82
hears	-0.7
hearty	2.17
regulatory	-0.08
jackson	0.58
soothing	0.57
researchers	-0.09
further	-0.21
circles	-2.8
lawyer	-0.41
explain	-0.05
thinks	-0.51
minimum	0.445
u	0.57
pan	0.35
papers	0.33
letter	0.23
barbara	0.81
profits	0.53
cry	-1.19
wednesday	0.84
plain	-0.275
swing	0.36
trembling	-1.39
virus	-1.39
lower	0.22499999999999998
officials	-0.2
happens	0.01
temporal	-0.16
orange	0.46499999999999997
gown	1.91
heaven	-0.31
americans	-0.94
independent	-0.215
prospect	-0.54
shops	0.16
cruel	-2.59
eerie	-1.36
largest	0.03
defend	-0.02
entering	0.18
wan	-0.01
shake	-0.09
castle	0.82
multinational	-0.27
explanation	-0.41
author	0.3
mutual	1.07
family	0.63
forces	-0.67
colonel	0.03
hill	0.19
trouble	-1.26
windy	1.21
indoor	0.29
worth	0.28
novels	0.1
minute	0.14
intent	-3.49
canine	-0.08
key	0.315
veteran	0.18000000000000002
kind	0.0
aft	0.71
stretched	0.19
shortly	0.74
made	-0.39
delivery	0.21
e	0.57
coverage	0.31
say	0.4
infrared	-0.18
wrapped	0.19
fifty	0.06
performance	1.29
sacred	0.06
wished	-1.29
gold	0.69
names	0.32
armor	-0.14
perform	-0.0
virginia	-0.39
live	-0.14
george	0.44
erotic	0.04
necessarily	-2.07
test	0.42
strange	-2.01
delivered	0.06
woman	1.09
reputation	1.22
bandar	-1.28
calvin	-0.42
revenue	0.36
cameron	0.46
generic	0.35
forever	0.06
cutting	0.14
attractive	1.19
unconscious	-0.43
spoon	0.41
release	0.32
finest	1.03
brooding	-0.3
promises	0.6
usual	0.14500000000000002
fat	0.17
couple	-0.07
coat	0.33
attitude	-1.06
stability	1.42
developed	0.16
search	0.13
entertaining	1.56
experience	0.25
carolina	-0.38
humid	0.39
blow	-0.64
kong	0.01
fingers	0.29
limited	-0.5
centennial	-0.04
rachel	0.5
burn	-0.6
talley	-0.01
feral	-0.31
solemn	0.55
lamp	-0.32
loud	-0.93
tom	0.64
environment	-0.23
duke	0.94
magnificent	1.02
mass	0.07
speedy	0.39
stole	-0.61
emma	1.38
communities	-1.39
completely	-0.2
detailed	0.22
fatal	-2.82
fire	-0.71
additional	-0.065
student	0.15
indigo	0.58
tougher	0.31
year	0.3
since	0.24
snake	-2.58
robert	0.42
crash	-2.05
neatly	0.66
guessed	-2.14
genuine	0.58
fiction	0.08
appalled	-0.49
trace	0.17
greedy	-2.17
formal	1.02
gazed	0.11
predictable	-0.21
elian	0.41
freedom	0.79
alcohol	-1.29
heels	0.24
crop	0.06
green	0.635
panel	-0.04
supplies	0.11
onions	0.14
scared	-1.645
front	0.01
checked	-0.04
title	0.35
expecting	-0.52
looking	0.31
starts	0.05
howling	-0.61
watery	0.25
profit	0.57
chosen	0.06
foolish	-1.25
lay	-0.12
includes	0.1
david	0.42
doctor	-0.23
joyous	1.37
tests	0.42
flight	-0.54
